corpus,doc_id,sent_id,eg_id,index,text,causal_text_w_pairs,num_rs
AFPNEWS,train0,01,0,enable_our_data_0_01,"""But the minute there's a new international arrest warrant from Italy, which was approved by the Supreme Federal Court of Brazil, the Brazilian federal police can no longer order the expulsion"" he explained.","[""But the minute theres a new international <ARG0>arrest</ARG0> warrant from Italy, which was <SIG0>approve</SIG0>d by the Supreme Federal Court of Brazil, the Brazilian federal police can no longer order the <ARG1>expulsion</ARG1> he explained.""]",1
AFPNEWS,train1,02,0,enable_our_data_0_02,Banks using The Temenos Banking Cloud have benefited from instant and massive scalability.,"[""Banks using The Temenos Banking <ARG0>cloud</ARG0> have <SIG0>benefit</SIG0>ed from instant and massive <ARG1>scalability</ARG1>.""]",1
AFPNEWS,train2,03,0,enable_our_data_0_03,We continue to rapidly grow our partner network and since 2020 have certified more than a thousand consultants as o9 implementers.,"[""We continue to rapidly grow our partner <ARG0>network</ARG0> and since 2020 have certified more than a thousand consultants as o9 <ARG1>implementers</ARG1>.""]",1
AFPNEWS,train3,04,0,enable_our_data_0_04,It was a surprise move that could clear the way for a strong run by ultraconservative judiciary chief Ebrahim Raisi.,"[""It was a surprise <ARG0>move</ARG0> that could <SIG0>clear</SIG0> the way for a strong <ARG1>run</ARG1> by ultraconservative judiciary chief Ebrahim Raisi.""]",1
AFPNEWS,train4,05,0,enable_our_data_0_05,"With The Temenos Banking Cloud, we empower banks to digitally transform and massively scale faster than ever.""","[""With The Temenos Banking <ARG0>cloud</ARG0>, we <SIG0>empower</SIG0> banks to digitally transform and massively <ARG1>scale</ARG1> faster than ever.""]",1
AFPNEWS,train5,06,0,enable_our_data_0_06,"The Sandbox includes access to Temenos Banking Services, Temenos MarketPlace, example data, and integration tools to enable banks to configure new products.","[""The <ARG0>Sandbox</ARG0> includes access to Temenos Banking Services, Temenos MarketPlace, example data, and integration tools to <SIG0>enable</SIG0> banks to <ARG1>configure</ARG1> new products.""]",1
AFPNEWS,train6,07,0,enable_our_data_0_07,"Among individual companies, Amazon edged up 0.1 percent after announcing it would acquire the storied MGM studios for $8.45 billion, giving the US tech giant a vast library to further its ambitions in streaming.","[""Among individual companies, Amazon edged up 0.1 percent after announcing it would <ARG0>acquire</ARG0> the storied MGM studios for $8.45 billion, giving the US tech giant a vast library to further its <ARG1>ambitions</ARG1> in streaming.""]",1
AFPNEWS,train7,08,0,enable_our_data_0_08,"Migrant workers in Lebanon have been hit hard by its multiple crises and half of them left jobless, the UN warned Wednesday, calling for voluntary returns to be scaled up.","[""Migrant workers in Lebanon have been hit hard by its multiple <ARG0>crises</ARG0> and half of them left <ARG1>jobless</ARG1>, the UN warned Wednesday, calling for voluntary returns to be scaled up.""]",1
AFPNEWS,train8,09,0,enable_our_data_0_09,"Analysts greeted reports that Senate Republicans plan to lift their infrastructure package to $1 trillion, bringing them somewhat closer to President Joe Biden's latest offer costing $1.7 trillion.","[""Analysts greeted reports that Senate Republicans <ARG0>plan</ARG0> to <SIG0>lift</SIG0> their infrastructure package to $1 trillion, bringing them somewhat closer to President Joe Bidens latest <ARG1>offer</ARG1> costing $1.7 trillion.""]",1
AFPNEWS,train9,010,0,enable_our_data_0_010,"This is the second time the fragmented centre-left opposition has failed to pass a no-confidence motion against him, their first attempt having fallen in February.","[""This is the second time the fragmented centre-left <ARG0>opposition</ARG0> has failed to <SIG0>pass</SIG0> a no-confidence <ARG1>motion</ARG1> against him, their first attempt having fallen in February.""]",1
AFPNEWS,train10,011,0,enable_our_data_0_011,"The US State Department said it had been advised, including by public health professionals in Britain, that its health protocols ""would permit us to continue with our G7 activities as planned"".","[""The US State Department said it had been advised, including by public health professionals in Britain, that its health <ARG0>protocols</ARG0> would <SIG0>permit</SIG0> us to continue with our G7 <ARG1>activities</ARG1> as planned.""]",1
AFPNEWS,train11,012,0,enable_our_data_0_012,"For students and educators, AWS will provide higher education institutions and their educators with cloud computing courses to prepare students to pursue industry-recognized certifications and careers in cloud. computing.","[""For students and educators, AWS will provide higher education institutions and their educators with cloud computing <ARG0>courses</ARG0> to <SIG0>prepare</SIG0> students to pursue industry-recognized certifications and <ARG1>careers</ARG1> in cloud. computing.""]",1
AFPNEWS,train12,013,0,enable_our_data_0_013,It has been providing abundant opportunities to enhance competitive edge within the convergence industry centered around biotechnology.,"[""It has been providing abundant <ARG0>opportunities</ARG0> to <SIG0>enhance</SIG0> competitive <ARG1>edge</ARG1> within the convergence industry centered around biotechnology.""]",1
AFPNEWS,train14,015,0,enable_our_data_0_015,"The Temenos Banking Cloud is powered by an Explainable AI engine with advanced data analytics, so banks can test, report and measure product performance, and gain insight to support business decisions and product design.","[""The Temenos Banking Cloud is powered by an Explainable AI engine with advanced <ARG0>data analytics</ARG0>, so banks can test, report and measure product performance, and gain insight to <SIG0>support</SIG0> business <ARG1>decisions</ARG1> and product design.""]",1
AFPNEWS,train15,016,0,enable_our_data_0_016,"At the same time the EASA said it did not believe the safety concern relating to the incident comprised an ""unsafe condition"" that would warrant a safety directive which would force airlines to comply.","[""At the same time the EASA said it did not believe the safety concern relating to the incident comprised an unsafe condition that would <SIG0>warrant</SIG0> a safety <ARG0>directive</ARG0> which would force airlines to <ARG1>comply</ARG1>.""]",1
AFPNEWS,train16,017,0,enable_our_data_0_017,"But this list was accompanied by new demands which France's fisheries ministry has said were not arranged or discussed with Paris, effectively creating new zoning rules for the waters near Jersey.","[""But this list was accompanied by new <ARG0>demands</ARG0> which Frances fisheries ministry has said were not <SIG0>arrange</SIG0>d or discussed with Paris, effectively creating new zoning <ARG1>rules</ARG1> for the waters near Jersey.""]",1
AFPNEWS,train17,018,0,enable_our_data_0_018,"Police are authorised to carry out random spot checks to ensure that quarantine rules are respected, with non-compliance punished with fines of up to 1,500 euros ($1,800).","[""Police are <SIG0>authorise</SIG0>d to carry out random spot <ARG0>checks</ARG0> to ensure that <ARG1>quarantine</ARG1> rules are respected, with non-compliance punished with fines of up to 1,500 euros ($1,800).""]",1
AFPNEWS,train18,019,0,enable_our_data_0_019,"Over 700 financial institutions use Temenos SaaS such as Al Ain Finance, Alpian, Flowbank, Flowe, Itau, Orange Bank and they will now benefit from all the new rich features of The Temenos Banking Cloud.","[""Over 700 financial institutions use Temenos <ARG0>SaaS</ARG0> such as Al Ain Finance, Alpian, Flowbank, Flowe, Itau, Orange Bank and they will now <SIG0>benefit</SIG0> from all the new rich features of The Temenos Banking <ARG1>cloud</ARG1>.""]",1
AFPNEWS,train19,020,0,enable_our_data_0_020,National electricity company spokesman Mostafa Rajabi Mashhadi said on Saturday that licensed cryptocurrency-mining farms had already voluntarily shut down operations to ease the burden.,"[""National electricity company spokesman Mostafa Rajabi Mashhadi said on Saturday that licensed cryptocurrency-mining farms had already voluntarily shut down <ARG0>operations</ARG0> to <SIG0>ease</SIG0> the <ARG1>burden</ARG1>.""]",1
AFPNEWS,train20,021,0,enable_our_data_0_021,"Through this acquisition, Amazon would empower MGM to continue to do what they do best: great storytelling.""","[""Through this <ARG0>acquisition</ARG0>, Amazon would <SIG0>empower</SIG0> MGM to continue to do what they do best: great <ARG1>storytelling</ARG1>.""]",1
AFPNEWS,train23,024,0,enable_our_data_0_024,"We are putting banks in control of their business models and innovation cycles, giving them the agility and speed to build great customer products and profitable businesses.","[""We are putting banks in <ARG0>control</ARG0> of their business models and innovation cycles, giving them the agility and speed to build great customer products and profitable <ARG1>businesses</ARG1>.""]",1
AFPNEWS,train24,025,0,enable_our_data_0_025,China's central bank also granted a $1.5 billion currency swap to finance imports from China in February as the rupee hit a record low of 202.73 to the dollar.,"[""Chinas central <ARG0>bank</ARG0> also <SIG0>grant</SIG0>ed a $1.5 billion currency swap to <ARG1>finance</ARG1> imports from China in February as the rupee hit a record low of 202.73 to the dollar.""]",1
AFPNEWS,train25,026,0,enable_our_data_0_026,Hyper-Personalized Recommendations will also help increase the matchmaking accuracy and enable companies to seize business opportunities effectively.,"[""<ARG0>Hyper-Personalized</ARG0> Recommendations will also <SIG0>help</SIG0> increase the <ARG1>matchmaking</ARG1> accuracy and enable companies to seize business opportunities effectively.""]",1
AFPNEWS,train26,027,0,enable_our_data_0_027,"These clients also invest 51% of their IT budget on growth and innovation versus maintenance, which is double the industry average, proving the banks' IT investment is adding tangible value to their business.","[""These <ARG0>clients</ARG0> also <SIG0>invest</SIG0> 51% of their IT budget on growth and innovation versus maintenance, which is double the industry average, proving the banks IT <SIG0>invest</SIG0>ment is adding tangible <ARG1>value</ARG1> to their business.""]",1
AFPNEWS,train27,028,0,enable_our_data_0_028,"Facebook and Instagram on Wednesday announced plans to let users stop displaying ""like"" tallies racked up by posts, letting people opt out of seeking status through the approval of others.","[""Facebook and Instagram on Wednesday announced <ARG0>plans</ARG0> to <SIG0>let</SIG0> users stop displaying like tallies racked up by posts, <SIG0>let</SIG0>ting people opt out of seeking <ARG1>status</ARG1> through the approval of others.""]",1
AFPNEWS,train28,029,0,enable_our_data_0_029,"Switzerland will re-open indoor restaurants and people will no longer be required to work from home, the government announced Wednesday, saying it was lifting Covid restrictions faster than previously planned.","[""Switzerland will <ARG1>re-open</ARG1> indoor restaurants and people will no longer be required to work from home, the government announced Wednesday, saying it was <SIG0>lift</SIG0>ing Covid <ARG0>restrictions</ARG0> faster than previously planned.""]",1
AFPNEWS,train29,030,0,enable_our_data_0_030,"The firm provides equity research, sales and trading, private and public capital raising as well as M&A services to help in the growth of companies and their investors.","[""The firm <SIG0>provide</SIG0>s equity research, sales and trading, private and public capital raising as well as M&A <ARG0>services</ARG0> to help in the <ARG1>growth</ARG1> of companies and their investors.""]",1
AFPNEWS,train32,033,0,enable_our_data_0_033,The US top diplomat already met with Israeli and Palestinian leaders to throw Washington's support behind the Friday truce that ended 11 days of heavy Israeli bombing of Gaza and rocket fire from the enclave into Israel.,"[""The US top diplomat already <ARG0>met</ARG0> with Israeli and Palestinian leaders to throw Washingtons <SIG0>support</SIG0> behind the Friday truce that ended 11 days of heavy Israeli <ARG1>bombing</ARG1> of Gaza and rocket fire from the enclave into Israel.""]",1
AFPNEWS,train33,034,0,enable_our_data_0_034,"""The longer-term results from the ANDROMEDA study show sustained overall deep haematologic responses and further establish the potential of the subcutaneous formulation of daratumumab as a new treatment regimen in patients with AL amyloidosis, and I'm also encouraged to see additional investigational data showing cardiac and renal responses in these patients.""","[""The longer-term <ARG0>results</ARG0> from the ANDROMEDA study show <SIG0>sustain</SIG0>ed overall deep haematologic responses and further establish the potential of the subcutaneous formulation of daratumumab as a new <ARG1>treatment</ARG1> regimen in patients with AL amyloidosis, and Im also encouraged to see additional investigational data showing cardiac and renal responses in these patients.""]",1
AFPNEWS,train34,035,0,enable_our_data_0_035,"The EMA is continuing to evaluate the safety of all four vaccines it has approved for use in the EU, which also includes the ones from BioNTech/Pfizer and Moderna.","[""The EMA is continuing to evaluate the <ARG0>safety</ARG0> of all four vaccines it has <SIG0>approve</SIG0>d for <ARG1>use</ARG1> in the EU, which also includes the ones from BioNTech/Pfizer and Moderna.""]",1
AFPNEWS,train35,036,0,enable_our_data_0_036,"Tensions have eased between France and Rwanda since a March report acknowledged Paris was ""blind"" to the 1994 genocide in the east African nation, and bears overwhelming responsibility for the bloodshed.","[""Tensions have eased between France and Rwanda since a March <ARG0>report</ARG0> acknowledged Paris was blind to the 1994 genocide in the east African nation, and <SIG0>bear</SIG0>s overwhelming responsibility for the <ARG1>bloodshed</ARG1>.""]",1
AFPNEWS,train36,037,0,enable_our_data_0_037,Britain has been hit hard by the coronavirus pandemic but has been able to ease lockdown measures in part thanks to a highly successful vaccination campaign.,"[""Britain has been hit hard by the coronavirus pandemic but has been able to <SIG0>ease</SIG0> <ARG1>lockdown</ARG1> measures in part thanks to a highly successful vaccination <ARG0>campaign</ARG0>.""]",1
AFPNEWS,train37,038,0,enable_our_data_0_038,"The company provides software solutions and services to over 450 service providers, ISVs, and enterprises worldwide to enable over 500 thousand virtual environments, running mission-critical cloud workloads.","[""The company provides software solutions and <ARG0>services</ARG0> to over 450 service providers, ISVs, and enterprises worldwide to <SIG0>enable</SIG0> over 500 thousand virtual environments, running mission-critical cloud <ARG1>workloads</ARG1>.""]",1
AFPNEWS,train38,039,0,enable_our_data_0_039,"""There are very specific entry and movement rules and procedures which the organisers have laid out in order to ensure the protection of everyone involved,"" she added.","[""There are very specific entry and movement <ARG0>rules</ARG0> and procedures which the organisers have laid out in order to <SIG0>ensure</SIG0> the <ARG1>protection</ARG1> of everyone involved, she added.""]",1
AFPNEWS,train39,040,0,enable_our_data_0_040,The Supreme Court statement was issued as Prime Minister Pedro Sanchez's government was gearing up to grant a pardon to the separatists as a way of advancing talks over the Catalan separatist crisis.,"[""The Supreme Court statement was issued as Prime Minister Pedro Sanchezs <ARG0>government</ARG0> was gearing up to <SIG0>grant</SIG0> a pardon to the separatists as a way of advancing <ARG1>talks</ARG1> over the Catalan separatist crisis.""]",1
AFPNEWS,train40,041,0,enable_our_data_0_041,"   Chris Sozou, General Manager Platforms, Partnerships & Analytics, Virgin Money Australia, said:""Our digital bank has been designed with a clear ambition to simplify banking and help customers achieve their financial goals.","[""Chris Sozou, General Manager Platforms, Partnerships & Analytics, Virgin Money Australia, said:Our digital bank has been designed with a clear ambition to simplify <ARG0>banking</ARG0> and <SIG0>help</SIG0> customers achieve their financial <ARG1>goals</ARG1>.""]",1
AFPNEWS,train41,042,0,enable_our_data_0_042,"The stadium is one of a growing list of venues across Melbourne visited by positive cases, leaving state health officials rushing to test and trace across the city of five million, which endured a devastating four-month lockdown after an outbreak last year.","[""The stadium is one of a growing list of venues across Melbourne visited by positive <ARG0>cases</ARG0>, leaving state health officials rushing to <ARG1>test</ARG1> and trace across the city of five million, which endured a devastating four-month lockdown after an outbreak last year.""]",1
AFPNEWS,train42,043,0,enable_our_data_0_043,"If they beat Chelsea, City will have completed a memorable treble after clinching the Premier League title and lifting the League Cup earlier this season.","[""If they <ARG0>beat</ARG0> Chelsea, City will have completed a memorable <ARG1>treble</ARG1> after clinching the Premier League title and <SIG0>lift</SIG0>ing the League Cup earlier this season.""]",1
AFPNEWS,train43,044,0,enable_our_data_0_044,The measure came into force as Chile passed the 50-percent mark of fully vaccinated adults -- over 7.7 million to date out a 15.2 million target population.,"[""The measure came into <ARG1>force</ARG1> as Chile <SIG0>pass</SIG0>ed the 50-percent mark of fully <ARG0>vaccinated</ARG0> adults -- over 7.7 million to date out a 15.2 million target population.""]",1
AFPNEWS,train45,046,0,enable_our_data_0_046,"""We will continue to support our brothers in Palestine to reach a just and lasting solution by establishing their independent state.""","[""<ARG0>We</ARG0> will continue to <SIG0>support</SIG0> our brothers in Palestine to reach a just and lasting solution by establishing their <ARG1>independent</ARG1> state.""]",1
AFPNEWS,train46,047,0,enable_our_data_0_047,"""We're excited to partner with Amazon and bring our trusted platform to new markets, empowering customers to succeed from anywhere by leveraging Hyperforce and all the advantages of public cloud computing.""","[""Were excited to partner with Amazon and bring our trusted <ARG0>platform</ARG0> to new markets, <SIG0>empower</SIG0>ing customers to succeed from anywhere by leveraging Hyperforce and all the advantages of public <ARG1>cloud</ARG1> computing.""]",1
AFPNEWS,train47,048,0,enable_our_data_0_048,"Building on Abu Dhabi's smart infrastructure and digital transformation, AWS's investment will further enable innovators and companies with globally-relevant solutions to realize new opportunities in the UAE and beyond.""","[""Building on Abu Dhabis smart infrastructure and digital transformation, AWSs <ARG0>investment</ARG0> will further <SIG0>enable</SIG0> innovators and companies with globally-relevant solutions to realize new <ARG1>opportunities</ARG1> in the UAE and beyond.""]",1
AFPNEWS,train48,049,0,enable_our_data_0_049,"But policymakers will ""remain patient"" before tapping the breaks on stimulative policies, to ensure jobs recover and return to what the central bank considers full employment, Quarles said in a speech to The Brookings Institution.","[""But policymakers will remain patient before tapping the breaks on stimulative <ARG0>policies</ARG0>, to <SIG0>ensure</SIG0> jobs recover and return to what the central bank considers full <ARG1>employment</ARG1>, Quarles said in a speech to The Brookings Institution.""]",1
AFPNEWS,train49,050,0,enable_our_data_0_050,"In developing the concept for Future, Aptar's experts turned to recognized eco-design principles, which call for plastic dispensing products to be made from a mono-material to facilitate the recycling process.","[""In developing the concept for Future, Aptars experts turned to recognized eco-design principles, which call for plastic dispensing products to be made from a <ARG0>mono-material</ARG0> to <SIG0>facilitate</SIG0> the <ARG1>recycling</ARG1> process.""]",1
AFPNEWS,train50,051,0,enable_our_data_0_051,"Amazon has agreed to buy the storied MGM studios for $8.45 billion, the companies said Wednesday, giving the US tech giant a vast library to further its ambitions in streaming.","[""Amazon has agreed to <ARG0>buy</ARG0> the storied MGM studios for $8.45 billion, the companies said Wednesday, giving the US tech giant a vast library to further its <ARG1>ambitions</ARG1> in streaming.""]",1
AFPNEWS,train51,052,0,enable_our_data_0_052,"""Once again we have turned to our friends in Portugal to help both UEFA and the Champions League and I am, as always, very grateful to the FPF and the Portuguese government for agreeing to stage the match at such short notice,"" said UEFA president Aleksander Ceferin.","[""Once again we have turned to our friends in <ARG0>Portugal</ARG0> to <SIG0>help</SIG0> both UEFA and the Champions League and I am, as always, very grateful to the FPF and the Portuguese government for agreeing to <ARG1>stage</ARG1> the match at such short notice, said UEFA president Aleksander Ceferin.""]",1
AFPNEWS,train52,053,0,enable_our_data_0_053,"Tools being added to the services will let users turn off ""like"" features on individual posts or all of them, according to Mosseri.","[""<ARG0>Tools</ARG0> being added to the services will <SIG0>let</SIG0> users <ARG1>turn off</ARG1> like features on individual posts or all of them, according to Mosseri.""]",1
AFPNEWS,train53,054,0,enable_our_data_0_054,"""Our analytics aim to provide transparency for the market on how businesses' operations may affect biodiversity, their dependency on natural systems, and to what extent companies are taking steps to mitigate these impacts across their value chains.""","[""Our <ARG0>analytics</ARG0> aim to <SIG0>provide</SIG0> transparency for the market on how businesses operations may affect <ARG1>biodiversity</ARG1>, their dependency on natural systems, and to what extent companies are taking steps to mitigate these impacts across their value chains.""]",1
AFPNEWS,train55,056,0,enable_our_data_0_056,"""We are thrilled that the investment is approved and eager to leverage Kymeta's expertise in hybrid satellite and cellular connectivity solutions,"" said Youn Chul Kim, CEO of HSC.","[""We are thrilled that the <ARG0>investment</ARG0> is <SIG0>approve</SIG0>d and eager to leverage Kymetas expertise in hybrid satellite and cellular <ARG1>connectivity</ARG1> solutions, said Youn Chul Kim, CEO of HSC.""]",1
AFPNEWS,train57,058,0,enable_our_data_0_058,"Through a strategic collaboration, AWS and Deloitte empower customers to transform their business and innovate faster by combining AWS technologies with Deloitte's deep industry experience.","[""Through a strategic <ARG0>collaboration</ARG0>, AWS and Deloitte <SIG0>empower</SIG0> customers to transform their business and <ARG1>innovate</ARG1> faster by combining AWS technologies with Deloittes deep industry experience.""]",1
AFPNEWS,train59,060,0,enable_our_data_0_060,"It gives Amazon the fabled Metro Goldwyn Mayer studios, an iconic name in Hollywood which has been through a series of ownership changes and bankruptcy in recent years.","[""<ARG0>It</ARG0> <SIG0>give</SIG0>s Amazon the fabled Metro Goldwyn Mayer <ARG1>studios</ARG1>, an iconic name in Hollywood which has been through a series of ownership changes and bankruptcy in recent years.""]",1
AFPNEWS,train61,062,0,enable_our_data_0_062,A fragmented centre-left opposition failed to pass a no-confidence motion in the three-time premier in February.,"[""A <ARG0>fragmented</ARG0> centre-left opposition failed to <SIG0>pass</SIG0> a no-confidence <ARG1>motion</ARG1> in the three-time premier in February.""]",1
AFPNEWS,train62,063,0,enable_our_data_0_063,"  #COMPUTEXVirtual, the all-new smart online platform, will use AI and automation technology to create an exceptional digital journey for users by providing a personalized interactive experience.","[""#COMPUTEXVirtual, the all-new smart online platform, will use AI and automation technology to create an exceptional digital <ARG1>journey</ARG1> for users by providing a personalized interactive <ARG0>experience</ARG0>.""]",1
AFPNEWS,train63,064,0,enable_our_data_0_064,"The oil giant announced that Gregory Goff and Kaisa Hietala had secured enough votes to join ExxonMobil's board, along with several incumbent directors who were reelected.","[""The <ARG0>oil giant</ARG0> announced that Gregory Goff and Kaisa Hietala had <SIG0>secure</SIG0>d enough votes to join ExxonMobils <ARG1>board</ARG1>, along with several incumbent directors who were reelected.""]",1
AFPNEWS,train64,065,0,enable_our_data_0_065,"""We are focusing on creating a large, sustainable ecosystem where our o9 global organization will serve as an enabler of a much larger pool of skills and capabilities across partners, both consulting and technology.","[""We are focusing on creating a large, sustainable ecosystem where our o9 global <ARG0>organization</ARG0> will <SIG0>serve</SIG0> as an enabler of a much larger pool of skills and capabilities across <ARG1>partners</ARG1>, both consulting and technology.""]",1
AFPNEWS,train65,066,0,enable_our_data_0_066,"The funding will support increased unit production, enhanced customer experience, and the ongoing development of Kymeta's next generation capabilities.","[""The <ARG0>funding</ARG0> will <SIG0>support</SIG0> increased unit production, enhanced customer experience, and the ongoing development of Kymetas next generation <ARG1>capabilities</ARG1>.""]",1
AFPNEWS,train66,067,0,enable_our_data_0_067,"For now, that would mean ""no one would represent Myanmar at the Seventy-fourth World Health Assembly"", according to the proposal, which was approved by WHO member states without a vote Wednesday morning.","[""For now, that would mean no one would <ARG1>represent</ARG1> Myanmar at the Seventy-fourth World Health Assembly, according to the <ARG0>proposal</ARG0>, which was <SIG0>approve</SIG0>d by WHO member states without a vote Wednesday morning.""]",1
AFPNEWS,train67,068,0,enable_our_data_0_068,"After meeting with Prime Minister Benjamin Netanyahu, Blinken reiterated support for Israel's right to defend itself against rocket attacks by Gaza's Hamas rulers, adding that they must benefit from reconstruction aid.","[""After meeting with Prime Minister Benjamin Netanyahu, Blinken reiterated <ARG0>support</ARG0> for Israels right to defend itself against rocket attacks by Gazas Hamas rulers, adding that they must <SIG0>benefit</SIG0> from reconstruction <ARG1>aid</ARG1>.""]",1
AFPNEWS,train68,069,0,enable_our_data_0_069,The Oral-B iO's revolutionary technology removes 100% more plaque than a manual brush to give you that professional clean teeth every single day.,"[""The Oral-B iOs revolutionary technology removes 100% more <ARG0>plaque</ARG0> than a manual brush to <SIG0>give</SIG0> you that professional clean <ARG1>teeth</ARG1> every single day.""]",1
AFPNEWS,train70,071,0,enable_our_data_0_071,"""I don't know what really happened in front of me, but I came into the corner and saw some guys on the ground and I couldn't pass on the right side because I was next to another guy, so I didn't have any chances to avoid a crash.","[""I dont know what really happened in front of me, but I came into the corner and saw some guys on the <ARG0>ground</ARG0> and I couldnt <SIG0>pass</SIG0> on the right side because I was next to another guy, so I didnt have any chances to avoid a <ARG1>crash</ARG1>.""]",1
AFPNEWS,train71,072,0,enable_our_data_0_072,"Milan are set to secure his replacement, so the Lille goalkeeper Mike Maignan underwent a medical with the 'Rossoneri' on Tuesday ahead of a move from the newly-crowned French champions.","[""<ARG0>Milan</ARG0> are set to <SIG0>secure</SIG0> his replacement, so the Lille goalkeeper Mike Maignan underwent a <ARG1>medical</ARG1> with the Rossoneri on Tuesday ahead of a move from the newly-crowned French champions.""]",1
AFPNEWS,train72,073,0,enable_our_data_0_073,"Iran's candidate-vetting Guardian Council on Tuesday approved seven hopefuls to run in the June 18 poll to succeed Rouhani, a moderate who under the constitution must step down after his second consecutive term.","[""Irans candidate-vetting Guardian <ARG0>Council</ARG0> on Tuesday <SIG0>approve</SIG0>d seven hopefuls to <ARG1>run</ARG1> in the June 18 poll to succeed Rouhani, a moderate who under the constitution must step down after his second consecutive term.""]",1
AFPNEWS,train73,074,0,enable_our_data_0_074,"His Excellency Mohammed Ali Al Shorafa, Chairman of the Abu Dhabi Department of Economic Development, said, ""AWS's expansion into the UAE is a testament to our rapidly growing innovation ecosystem that will benefit from access to the world's leading cloud platform and its advanced technologies and solutions.","[""His Excellency Mohammed Ali Al Shorafa, Chairman of the Abu Dhabi Department of Economic Development, said, AWSs expansion into the UAE is a testament to our rapidly growing innovation <ARG0>ecosystem</ARG0> that will <SIG0>benefit</SIG0> from access to the worlds leading cloud platform and its advanced <ARG1>technologies</ARG1> and solutions.""]",1
AFPNEWS,train75,076,0,enable_our_data_0_076,Chelsea were given a Champions League final fitness boost on Wednesday as France midfielder N'Golo Kante and Senegal goalkeeper Edouard Mendy returned to training.,"[""<ARG0>Chelsea</ARG0> were <SIG0>give</SIG0>n a Champions League final fitness boost on Wednesday as France midfielder NGolo Kante and Senegal goalkeeper Edouard Mendy returned to <ARG1>training</ARG1>.""]",1
AFPNEWS,train76,077,0,enable_our_data_0_077,"As part of the year-long partnership, Oral-B and Scientific American Custom Media are releasing a series of content, including educational resources from leading medical and dental researchers that will help readers better understand the connections between oral health and whole body health.","[""As part of the year-long partnership, Oral-B and Scientific American Custom Media are releasing a series of <ARG0>content</ARG0>, including educational resources from leading medical and dental researchers that will <SIG0>help</SIG0> readers better understand the connections between <ARG1>oral health</ARG1> and whole body health.""]",1
AFPNEWS,train77,078,0,enable_our_data_0_078,"Ottawa has invested Can$36.5 million (US$30 million) over the past year to advance lunar and space technologies including micro-rovers, and to build a third-generation robotic arm dubbed Canadarm3.","[""<ARG0>Ottawa</ARG0> has <SIG0>invest</SIG0>ed Can$36.5 million (US$30 million) over the past year to advance lunar and space <ARG1>technologies</ARG1> including micro-rovers, and to build a third-generation robotic arm dubbed Canadarm3.""]",1
AFPNEWS,train78,079,0,enable_our_data_0_079,"The development is the latest step towards the 74-year-old Trump, who left the White House in January, possibly becoming the first ever ex-US leader to face criminal charges.","[""The development is the latest <ARG0>step</ARG0> towards the 74-year-old Trump, who left the White House in January, possibly becoming the first ever ex-US leader to face <ARG1>criminal</ARG1> charges.""]",1
AFPNEWS,train79,080,0,enable_our_data_0_080,The country has lifted nearly all virus-related restrictions and many Russians are refusing to wear masks on public transport and in other public places.,"[""The <ARG0>country</ARG0> has <SIG0>lift</SIG0>ed nearly all virus-related restrictions and many Russians are refusing to <ARG1>wear</ARG1> masks on public transport and in other public places.""]",1
AFPNEWS,train80,081,0,enable_our_data_0_081,"He urged the Malian and French authorities ""to do everything to secure his freedom"".","[""He urged the Malian and French <ARG0>authorities</ARG0> to do everything to <SIG0>secure</SIG0> his <ARG1>freedom</ARG1>.""]",1
AFPNEWS,train81,082,0,enable_our_data_0_082,"""I want to make it clear on the floor of the house... that Pakistan, under the leadership of Imran Khan, will never allow any American base on its soil.""","[""I want to make it clear on the floor of the house... that <ARG0>Pakistan</ARG0>, under the leadership of Imran Khan, will never <SIG0>allow</SIG0> any <ARG1>American</ARG1> base on its soil.""]",1
AFPNEWS,train82,083,0,enable_our_data_0_083,"With its restructuring plan approved by Norwegian and Irish courts, the company can now emerge from bankruptcy protection.","[""With its restructuring <ARG0>plan</ARG0> <SIG0>approve</SIG0>d by Norwegian and Irish courts, the company can now emerge from <ARG1>bankruptcy</ARG1> protection.""]",1
AFPNEWS,train83,084,0,enable_our_data_0_084,"""The Mohammed Bin Rashid Space Centre has always sought to provide innovative solutions that benefit the scientific community.","[""The Mohammed Bin Rashid Space Centre has always <ARG0>sought</ARG0> to provide innovative solutions that <SIG0>benefit</SIG0> the scientific <ARG1>community</ARG1>.""]",1
AFPNEWS,train84,085,0,enable_our_data_0_085,"   -- A new adjustable voltage mode enabling a range from 15V to one of three maximum voltages (28V, 36V, or 48V) depending on the available power allowing the device being powered to request specific voltages to a 100 mV resolution.","[""-- A new adjustable voltage <ARG0>mode</ARG0> enabling a range from 15V to one of <ARG1>three</ARG1> maximum voltages (28V, 36V, or 48V) depending on the available power allowing the device being powered to request specific voltages to a 100 mV resolution.""]",1
AFPNEWS,train86,087,0,enable_our_data_0_087,"""Amazon will help preserve MGM's heritage and catalog of films, and provide customers with greater access to these existing works.","[""Amazon will help preserve MGMs <ARG0>heritage</ARG0> and catalog of films, and <SIG0>provide</SIG0> customers with greater <ARG1>access</ARG1> to these existing works.""]",1
AFPNEWS,train87,088,0,enable_our_data_0_088,"Greece's top archaeological advisory body Wednesday approved use of several key sites including the Acropolis for an upcoming shoot by French fashion house Dior, a culture ministry source said.","[""Greeces top archaeological advisory <ARG0>body</ARG0> Wednesday <SIG0>approve</SIG0>d use of several key sites including the Acropolis for an upcoming <ARG1>shoot</ARG1> by French fashion house Dior, a culture ministry source said.""]",1
AFPNEWS,train88,089,0,enable_our_data_0_089,"We recently moved our headquarters and research and development center to Abu Dhabi to benefit from its rapidly growing innovation hub, and with the new AWS Region, we are excited to see it thrive at an accelerated rate.""","[""We recently moved our headquarters and research and development <ARG0>center</ARG0> to Abu Dhabi to <SIG0>benefit</SIG0> from its rapidly growing <ARG1>innovation</ARG1> hub, and with the new AWS Region, we are excited to see it thrive at an accelerated rate.""]",1
AFPNEWS,train90,091,0,enable_our_data_0_091,"The company's confidence in its VzLinux distro has led to an in-house conversion of more than 200+ CentOS servers, ensuring Virtuozzo's infrastructure is future-proofed well beyond December 2021 when CentOS is slated for end-of-life.","[""The companys confidence in its <ARG0>VzLinux</ARG0> distro has led to an in-house conversion of more than 200+ CentOS servers, ensuring Virtuozzos infrastructure is <ARG1>future-proofed</ARG1> well beyond December 2021 when CentOS is slated for end-of-life.""]",1
AFPNEWS,train91,092,0,enable_our_data_0_092,"Oral-B® was founded in 1950 by Dr. Robert Hutson, a California periodontist, who invented an innovative toothbrush to help his patients achieve healthier teeth and gums at home.","[""Oral-B® was founded in 1950 by Dr. Robert Hutson, a California periodontist, who invented an innovative <ARG0>toothbrush</ARG0> to <SIG0>help</SIG0> his patients achieve healthier <ARG1>teeth</ARG1> and gums at home.""]",1
AFPNEWS,train93,094,0,enable_our_data_0_094,This provides the perfect conditions for the bacteria to thrive and cause inflammation-causing toxins that are known to spread throughout the rest of the body.,"[""<ARG0>This</ARG0> <SIG0>provide</SIG0>s the perfect conditions for the bacteria to thrive and cause inflammation-causing <ARG1>toxins</ARG1> that are known to spread throughout the rest of the body.""]",1
AFPNEWS,train94,095,0,enable_our_data_0_095,"Born in 1927, he enlisted in the military at 17, several months before the end of World War II, and five years later found himself serving in the Marines in the Korean War.","[""Born in 1927, he enlisted in the <ARG0>military</ARG0> at 17, several months before the end of World War II, and five years later found himself serving in the <ARG1>Marines</ARG1> in the Korean War.""]",1
AFPNEWS,train95,096,0,enable_our_data_0_096,"Lovell-Badge said while the ISSCR was not recommending a new time limit, it has called for public consultation and an ethical framework that could allow longer research on robust scientific grounds.","[""Lovell-Badge said while the ISSCR was not recommending a new time limit, it has called for public consultation and an ethical <ARG0>framework</ARG0> that could <SIG0>allow</SIG0> longer research on robust <ARG1>scientific</ARG1> grounds.""]",1
AFPNEWS,train96,097,0,enable_our_data_0_097,"The official said the central archaeological council had ""unanimously"" approved the shoots.","[""The official said the central archaeological <ARG0>council</ARG0> had unanimously <SIG0>approve</SIG0>d the <ARG1>shoots</ARG1>.""]",1
AFPNEWS,train97,098,0,enable_our_data_0_098,"Amazon has agreed to buy the storied MGM studios for $8.45 billion, the companies said Wednesday, giving the US tech giant a vast content library to further its ambitions in streaming.","[""Amazon has agreed to <ARG0>buy</ARG0> the storied MGM studios for $8.45 billion, the companies said Wednesday, giving the US tech giant a vast content library to further its <ARG1>ambitions</ARG1> in streaming.""]",1
AFPNEWS,train98,099,0,enable_our_data_0_099,"After a female stork was electrocuted on a power line, the inhabitants of a village in the Czech Republic decided to rally to help her partner and their four hatchlings in order to save them.","[""After a female stork was <ARG0>electrocuted</ARG0> on a power line, the inhabitants of a village in the Czech Republic decided to rally to <SIG0>help</SIG0> her partner and their four hatchlings in order to <ARG1>save</ARG1> them.""]",1
AFPNEWS,train99,0100,0,enable_our_data_0_0100,"Britain's largely foreign-owned automotive sector was a big winner from the final Brexit agreement, which allows for tariff-free trade with the continent.","[""Britains largely foreign-owned automotive sector was a big winner from the final <ARG0>Brexit</ARG0> agreement, which <SIG0>allow</SIG0>s for tariff-free <ARG1>trade</ARG1> with the continent.""]",1
AFPNEWS,train101,0102,0,enable_our_data_0_0102,"Applying these lessons will help ensure a more resilient post-pandemic business landscape.""","[""Applying these <ARG0>lessons</ARG0> will help <SIG0>ensure</SIG0> a more <ARG1>resilient</ARG1> post-pandemic business landscape.""]",1
AFPNEWS,train102,0103,0,enable_our_data_0_0103,"The pass, which can be downloaded on a person's mobile phone two weeks after receiving their second shot, gives the bearer permission to move about freely in cities under lockdown to go to the supermarket, pharmacy, or for open air exercise.","[""The <ARG0>pass</ARG0>, which can be downloaded on a persons mobile phone two weeks after receiving their second shot, <SIG0>give</SIG0>s the bearer <ARG1>permission</ARG1> to move about freely in cities under lockdown to go to the supermarket, pharmacy, or for open air exercise.""]",1
AFPNEWS,train103,0104,0,enable_our_data_0_0104,"""It's far too much money for five birds but we are donating a large part to bird keepers in a centre near here to help animals in difficulty.","[""Its far too much money for five birds but we are <ARG0>donating</ARG0> a large part to bird keepers in a centre near here to <SIG0>help</SIG0> <ARG1>animals</ARG1> in difficulty.""]",1
AFPNEWS,train104,0105,0,enable_our_data_0_0105,"Italy's government said Wednesday it had passed an ""important step"" in negotiations with the European Commission to create a new, leaner airline from its beleaguered Alitalia carrier, Italian media reported.","[""Italys government said Wednesday it had <SIG0>pass</SIG0>ed an important <ARG0>step</ARG0> in negotiations with the European Commission to create a new, leaner <ARG1>airline</ARG1> from its beleaguered Alitalia carrier, Italian media reported.""]",1
AFPNEWS,train105,0106,0,enable_our_data_0_0106,"With the new region, organizations of all sizes will be able to innovate faster and serve end-users with even lower latency across the region.""","[""With the new region, organizations of all sizes will be able to <ARG0>innovate</ARG0> faster and <SIG0>serve</SIG0> end-users with even lower <ARG1>latency</ARG1> across the region.""]",1
AFPNEWS,train106,0107,0,prevent_our_data_0_0107,"The EU banned Belarusian planes from the bloc's airspace to avoid flying over the ex-Soviet country ruled by Alexander Lukashenko, often dubbed ""Europe's last dictator"".","[""The EU <ARG0>banned</ARG0> Belarusian planes from the blocs airspace to <SIG0>avoid</SIG0> <ARG1>flying</ARG1> over the ex-Soviet country ruled by Alexander Lukashenko, often dubbed Europes last dictator.""]",1
AFPNEWS,train107,0108,0,prevent_our_data_0_0108,EU leaders at their summit this week agreed in principle to banning Belarusian airlines from the bloc and urged EU-based carriers not to fly through Belarusian airspace.,"[""EU leaders at their summit this week <ARG0>agreed</ARG0> in principle to <SIG0>ban</SIG0>ning Belarusian airlines from the bloc and urged EU-based carriers not to <ARG1>fly</ARG1> through Belarusian airspace.""]",1
AFPNEWS,train108,0109,0,prevent_our_data_0_0109,"President Joe Biden has pledged to work with opposition Republicans on key issues, and as Democrats control the Senate by a single vote, Schumer would need backing from several Republicans to forestall a potential filibuster that could block passage of the legislation.","[""President Joe Biden has pledged to work with opposition Republicans on key issues, and as Democrats control the Senate by a single vote, Schumer would need backing from several Republicans to forestall a potential <ARG0>filibuster</ARG0> that could <SIG0>block</SIG0> passage of the <ARG1>legislation</ARG1>.""]",1
AFPNEWS,train109,0110,0,prevent_our_data_0_0110,"Dismissing the motion against him, he said it contained ""so many absurd things that there is even no sense in answering to all of them"".","[""Dismissing the motion against him, he said it <SIG0>contain</SIG0>ed so many <ARG0>absurd</ARG0> things that there is even no sense in <ARG1>answering</ARG1> to all of them.""]",1
AFPNEWS,train110,0111,0,prevent_our_data_0_0111,"His centre-right coalition currently controls 45 seats in the 90-seat parliament, several MPs having left the government camp in recent months.","[""His centre-right <ARG1>coalition</ARG1> currently <SIG0>control</SIG0>s 45 seats in the 90-seat parliament, several MPs having <ARG0>left</ARG0> the government camp in recent months.""]",1
AFPNEWS,train111,0112,0,prevent_our_data_0_0112,"Accidents in small-scale gold-mining, known locally as ""galamsey"", are common in the West African nation and President Nana Akufo-Addo has vowed a crackdown to curb its environmental damage.","[""Accidents in small-scale gold-mining, known locally as galamsey, are common in the West African nation and President Nana Akufo-Addo has vowed a <ARG0>crackdown</ARG0> to <SIG0>curb</SIG0> its environmental <ARG1>damage</ARG1>.""]",1
AFPNEWS,train112,0113,0,prevent_our_data_0_0113,"Ukraine, which applied to join the US-led alliance in 2008, is pressing Western powers for more support as it seeks to deter any new aggression from Moscow.","[""Ukraine, which applied to join the US-led alliance in 2008, is pressing Western powers for more <ARG0>support</ARG0> as it seeks to <SIG0>deter</SIG0> any new <ARG1>aggression</ARG1> from Moscow.""]",1
AFPNEWS,train113,0114,0,prevent_our_data_0_0114,Total said it would continue to produce gas so as not to disrupt electricity supply in either country.,"[""Total said it would continue to <ARG0>produce</ARG0> gas so as not to <ARG1><SIG0>disrupt</SIG0></ARG1> electricity supply in either country.""]",1
AFPNEWS,train114,0115,0,prevent_our_data_0_0115,I urge members of the Security Council and other Member States to take any steps possible to prevent a famine from occurring he said,"[""I urge members of the Security Council and other Member States to take any <ARG0>steps</ARG0> possible to <SIG0>prevent</SIG0> a <ARG1>famine</ARG1> from occurring he said""]",1
AFPNEWS,train115,0116,0,prevent_our_data_0_0116,Analysts warned government restrictions and the slow vaccine rollout will hamper economic recovery efforts.,"[""Analysts warned government restrictions and the slow vaccine <ARG0>rollout</ARG0> will <SIG0>hamper</SIG0> economic <ARG1>recovery</ARG1> efforts.""]",1
AFPNEWS,train116,0117,0,prevent_our_data_0_0117,"The leopards escaped on April 19 -- with careless cage-cleaners blamed for letting them out -- but the Hangzhou Safari Park hid the breakout for nearly three weeks to avoid bad publicity, police in the city have said.","[""The leopards escaped on April 19 -- with careless cage-cleaners blamed for letting them out -- but the Hangzhou Safari Park hid the <ARG0>breakout</ARG0> for nearly three weeks to avoid bad <ARG1>publicity</ARG1>, police in the city have said.""]",1
AFPNEWS,train117,0118,0,prevent_our_data_0_0118,"These clumps of amyloid are deposited in tissues and vital organs and interfere with normal organ function, eventually causing organ deterioration.16,17 AL amyloidosis is the most common type of systemic amyloidosis.18 It frequently affects the heart, kidneys, digestive tract, liver and nervous system.16,17 Diagnosis is often delayed, and prognosis is poor due to advanced, multi-organ, particularly cardiac, involvement.","[""These <ARG0>clumps</ARG0> of amyloid are deposited in tissues and vital organs and <SIG0>interfere</SIG0> with normal organ <ARG1>function</ARG1>, eventually causing organ deterioration.16,17 AL amyloidosis is the most common type of systemic amyloidosis.18 It frequently affects the heart, kidneys, digestive tract, liver and nervous system.16,17 Diagnosis is often delayed, and prognosis is poor due to advanced, multi-organ, particularly cardiac, involvement.""]",1
AFPNEWS,train118,0119,0,prevent_our_data_0_0119,"National Police chief Jorge Vargas identified the victim as Camilo Andres Arango, and said he was shot when a peaceful march was interrupted by men who hurled rocks at police and set fire to the Tulua Palace of Justice.","[""National Police chief Jorge Vargas identified the victim as Camilo Andres Arango, and said he was shot when a peaceful <ARG1>march</ARG1> was <SIG0>interrupt</SIG0>ed by men who hurled <ARG0>rocks</ARG0> at police and set fire to the Tulua Palace of Justice.""]",1
AFPNEWS,train120,0121,0,prevent_our_data_0_0121,"Former US lawmaker John Warner, who opposed George W. Bush's Iraq troop surge and was once married to Hollywood star Elizabeth Taylor, has died at the age of 94, reports said Wednesday.","[""Former US lawmaker <ARG0>John Warner</ARG0>, who <SIG0>oppose</SIG0>d George W. Bushs Iraq troop <ARG1>surge</ARG1> and was once married to Hollywood star Elizabeth Taylor, has died at the age of 94, reports said Wednesday.""]",1
AFPNEWS,train121,0122,0,prevent_our_data_0_0122,"The 51-year-old Italian still has a year left in his contract, but has been at loggerheads with the cash-strapped club's Chinese owners Suning over planned cost cutting which would prevent him building the team he wants to challenge at home and in Europe.","[""The 51-year-old Italian still has a year left in his contract, but has been at loggerheads with the cash-strapped clubs Chinese owners Suning over planned <ARG0>cost cutting</ARG0> which would <SIG0>prevent</SIG0> him building the <ARG1>team</ARG1> he wants to challenge at home and in Europe.""]",1
AFPNEWS,train122,0123,0,prevent_our_data_0_0123,"Aftershocks from the Mount Nyiragongo volcano in eastern DR Congo rattled the nearby city of Goma on Wednesday, four days after its eruption, badly damaging several buildings and prevented hundreds of residents from  fleeing and the UN to relocate some of its staff.","[""<ARG0>aftershocks</ARG0> from the Mount Nyiragongo volcano in eastern DR Congo <SIG0>rattle</SIG0>d the nearby city of Goma on Wednesday, four days after its eruption, badly damaging several buildings and prevented hundreds of <ARG1>residents</ARG1> from  fleeing and the UN to relocate some of its staff.""]",1
AFPNEWS,train123,0124,0,prevent_our_data_0_0124,"Several EU countries have restricted the use of AstraZeneca's vaccine to older people, typically over 55 or 60.","[""Several EU <ARG0>countries</ARG0> have <SIG0>restrict</SIG0>ed the use of AstraZenecas <ARG1>vaccine</ARG1> to older people, typically over 55 or 60.""]",1
AFPNEWS,train124,0125,0,prevent_our_data_0_0125,The move has been seen as part of efforts to shield the increasingly unpopular ruling United Russia party from real competition ahead of parliamentary elections in September.,"[""The <ARG0>move</ARG0> has been seen as part of efforts to <SIG0>shield</SIG0> the increasingly unpopular ruling United Russia party from real <ARG1>competition</ARG1> ahead of parliamentary elections in September.""]",1
AFPNEWS,train125,0126,0,prevent_our_data_0_0126,"""It would be unwise for us to take actions that might slow the recovery prematurely by trying to stay ahead of inflation, when our best estimate is that we are not far behind.""","[""It would be unwise for us to take <ARG0>actions</ARG0> that might <SIG0>slow</SIG0> the <ARG1>recovery</ARG1> prematurely by trying to stay ahead of inflation, when our best estimate is that we are not far behind.""]",1
AFPNEWS,train126,0127,0,prevent_our_data_0_0127,Thousands of Australian Rules football fans were told to self-isolate and get tested for coronavirus Wednesday after an infected spectator attended a match in Melbourne and the city raced to avoid another lockdown.,"[""Thousands of Australian Rules football fans were told to <ARG0>self-isolate</ARG0> and get tested for coronavirus Wednesday after an infected spectator attended a match in Melbourne and the city raced to <SIG0>avoid</SIG0> another <ARG1>lockdown</ARG1>.""]",1
AFPNEWS,train129,0130,0,prevent_our_data_0_0130,"Real, Barcelona and Juventus meanwhile retaliated through a Commercial Court in Madrid which referred the matter to the European Court of Justice, asking if UEFA was abusing its ""dominant position"" by seeking to block a competing tournament.","[""Real, Barcelona and Juventus meanwhile retaliated through a Commercial Court in Madrid which referred the matter to the European Court of Justice, asking if UEFA was abusing its dominant <ARG0>position</ARG0> by seeking to <SIG0>block</SIG0> a competing <ARG1>tournament</ARG1>.""]",1
AFPNEWS,train130,0131,0,prevent_our_data_0_0131,"Turning back the Belarusian plane, French air control cited ""an order from the French prime minister"", Belavia said.","[""Turning back the Belarusian <ARG1>plane</ARG1>, French air <SIG0>control</SIG0> cited an <ARG0>order</ARG0> from the French prime minister, Belavia said.""]",1
AFPNEWS,train131,0132,0,prevent_our_data_0_0132,"DR Congo President Felix Tshisekedi on May 6 proclaimed a 30-day ""state of siege"" -- effectively martial law -- in North Kivu and neighbouring Ituri province in a bid to curb bloodshed by the ADF.","[""DR Congo President Felix Tshisekedi on May 6 <ARG0>proclaimed</ARG0> a 30-day state of siege -- effectively martial law -- in North Kivu and neighbouring Ituri province in a bid to <SIG0>curb</SIG0> <ARG1>bloodshed</ARG1> by the ADF.""]",1
AFPNEWS,train132,0133,0,prevent_our_data_0_0133,"Meanwhile voter registration is hampered by logistical issues and prominent opposition parties are planning to boycott, complaining their candidates have been arrested and their offices vandalised.","[""Meanwhile voter <ARG1>registration</ARG1> is <SIG0>hamper</SIG0>ed by logistical <ARG0>issues</ARG0> and prominent opposition parties are planning to boycott, complaining their candidates have been arrested and their offices vandalised.""]",1
AFPNEWS,train133,0134,0,prevent_our_data_0_0134,"   
The Exhibition will be held both online and on-site, as a hybrid format, which will showcase the cutting-edge technologies and products of exhibitors in various ways.","[""The Exhibition will be held both online and on-site, as a <ARG0>hybrid format</ARG0>, which will <ARG1>showcase</ARG1> the cutting-edge technologies and products of exhibitors in various ways.""]",1
AFPNEWS,train134,0135,0,prevent_our_data_0_0135,Regular OralHealth CheckUps Partner with your dental professional regularly to prevent and detect signs of gum infection at its earliest stages,"[""Regular OralHealth <ARG0>CheckUps</ARG0> Partner with your dental professional regularly to <SIG0>prevent</SIG0> and detect signs of gum <ARG1>infection</ARG1> at its earliest stages""]",1
AFPNEWS,train135,0136,0,prevent_our_data_0_0136,"Slovenian prosecutor Drago Sketa angrily dismissed such a suggestion, saying it would interfere with the prosecutors' independence.","[""Slovenian prosecutor Drago Sketa angrily dismissed such a <ARG0>suggestion</ARG0>, saying it would <SIG0>interfere</SIG0> with the prosecutors <ARG1>independence</ARG1>.""]",1
AFPNEWS,train138,0139,0,prevent_our_data_0_0139,"Aftershocks from the Mount Nyiragongo volcano in eastern DR Congo rattled the nearby city of Goma on Wednesday, four days after its eruption, badly damaging several buildings and prompting hundreds of residents  who are unable to flee.","[""Aftershocks from the Mount Nyiragongo <ARG0>volcano</ARG0> in eastern DR Congo <SIG0>rattle</SIG0>d the nearby city of Goma on Wednesday, four days after its eruption, badly damaging several buildings and prompting hundreds of residents  who are unable to <ARG1>flee</ARG1>.""]",1
AFPNEWS,train139,0140,0,prevent_our_data_0_0140,"But Fed Vice Chair Randal Quarles again tried to tamp down concerns, saying current prices spikes are unlikely to last, and warning it would be ""unwise"" for the central bank to ""take actions that might slow the recovery prematurely.""","[""But Fed Vice Chair Randal Quarles again tried to tamp down concerns, saying current prices spikes are unlikely to last, and warning it would be unwise for the central bank to take <ARG0>actions</ARG0> that might <SIG0>slow</SIG0> the <ARG1>recovery</ARG1> prematurely.""]",1
AFPNEWS,train140,0141,0,prevent_our_data_0_0141,"The European Commission on Wednesday said it regretted the ""unilateral decision"" by Switzerland to terminate talks on a long-negotiated cooperation agreement.","[""The European Commission on Wednesday said it regretted the unilateral <ARG0>decision</ARG0> by Switzerland to <SIG0>terminate</SIG0> talks on a long-negotiated cooperation <ARG1>agreement</ARG1>.""]",1
AFPNEWS,train141,0142,0,prevent_our_data_0_0142,"President Joe Biden has pledged to work with opposition Republicans on key issues, and as Democrats control the Senate by a single vote, Schumer would need backing from several Republicans to forestall a potential filibuster that could block passage of the legislation.","[""President Joe Biden has pledged to work with opposition Republicans on key issues, and as Democrats <SIG0>control</SIG0> the Senate by a single vote, Schumer would need backing from several Republicans to forestall a potential <ARG0>filibuster</ARG0> that could block passage of the <ARG1>legislation</ARG1>.""]",1
AFPNEWS,train142,0143,0,prevent_our_data_0_0143,-- Regular Oral-Health Check-Ups Partner with your dental professional regularly to prevent and detect signs of gum infection at its earliest stages.,"[""-- Regular Oral-Health Check-Ups Partner with your dental <ARG0>professional</ARG0> regularly to <SIG0>prevent</SIG0> and detect signs of gum <ARG1>infection</ARG1> at its earliest stages.""]",1
AFPNEWS,train143,0144,0,prevent_our_data_0_0144,"A senior UN official has warned the Security Council that urgent measures are needed to avoid famine in the war-torn region of Tigray in Ethiopia, in a briefing seen by AFP.","[""A senior UN official has warned the Security Council that urgent <ARG0>measures</ARG0> are needed to <SIG0>avoid</SIG0> <ARG1>famine</ARG1> in the war-torn region of Tigray in Ethiopia, in a briefing seen by AFP.""]",1
AFPNEWS,train144,0145,0,prevent_our_data_0_0145,"""Belarusians now no longer have the possibility of fleeing Belarus if they want to escape the regime,"" she told AFP in an interview after EU leaders at a summit this week agreed to ban Belarusian carriers.","[""Belarusians now no longer have the possibility of fleeing Belarus if they want to <ARG1>escape</ARG1> the regime, she told AFP in an interview after EU leaders at a <ARG0>summit</ARG0> this week agreed to <SIG0>ban</SIG0> Belarusian carriers.""]",1
AFPNEWS,train145,0146,0,prevent_our_data_0_0146,"They might also have to quarantine on their return to the offices in Belgium, disrupting their work.","[""They might also have to <ARG0>quarantine</ARG0> on their return to the offices in Belgium, <SIG0>disrupt</SIG0>ing their <ARG1>work</ARG1>.""]",1
AFPNEWS,train146,0147,0,prevent_our_data_0_0147,"They exclude revisions made by other statistical organisations, which show that the number of deaths is much higher.","[""<ARG0>They</ARG0> <SIG0>exclude</SIG0> revisions made by other statistical organisations, which show that the number of <ARG1>deaths</ARG1> is much higher.""]",1
AFPNEWS,train147,0148,0,prevent_our_data_0_0148,"People arriving in France from Britain will have to self-isolate to prevent the spread of Covid-19, notably its Indian variant, government spokesman Gabriel Attal said on Wednesday.","[""People arriving in France from Britain will have to <ARG0>self-isolate</ARG0> to <SIG0>prevent</SIG0> the spread of <ARG1>Covid-19</ARG1>, notably its Indian variant, government spokesman Gabriel Attal said on Wednesday.""]",1
AFPNEWS,train148,0149,0,prevent_our_data_0_0149,-- Stannous Fluoride Toothpaste Stannous Fluoride (SnF2) helps to protect your gums against bacterial plaque.,"[""-- Stannous Fluoride Toothpaste Stannous Fluoride (<ARG0>SnF2</ARG0>) helps to <SIG0>protect</SIG0> your gums against bacterial <ARG1>plaque</ARG1>.""]",1
AFPNEWS,train149,0150,0,prevent_our_data_0_0150,"The episode, a ""distributed denial-of-service"" attack, is a common type of cyberincident in which hackers saturate a system by sending a huge flood of requests, overwhelming the system and slowing or freezing operations.","[""The episode, a distributed denial-of-service <ARG0>attack</ARG0>, is a common type of cyberincident in which hackers saturate a system by sending a huge flood of requests, overwhelming the system and <SIG0>slow</SIG0>ing or freezing <ARG1>operations</ARG1>.""]",1
AFPNEWS,train151,0152,0,prevent_our_data_0_0152,"European leaders are now accusing authorities in Minsk of essentially hijacking the passenger flight, and they agreed this week to cut air links with Belarus and told airliners to avoid the country's airspace.","[""European leaders are now accusing authorities in Minsk of essentially hijacking the passenger flight, and they agreed this week to cut air <ARG0>links</ARG0> with Belarus and told airliners to <SIG0>avoid</SIG0> the countrys <ARG1>airspace</ARG1>.""]",1
AFPNEWS,train152,0153,0,prevent_our_data_0_0153,The company's lawyers told the court that Thales never paid bribes to Zuma in order to prevent any investigation into the arms sale.,"[""The companys lawyers <ARG0>told</ARG0> the court that Thales never paid bribes to Zuma in order to <SIG0>prevent</SIG0> any <ARG1>investigation</ARG1> into the arms sale.""]",1
AFPNEWS,train153,0154,0,prevent_our_data_0_0154,"The exhibition, held at the private Crossroads of Civilisations Museum in Dubai, included stories of Arabs and Muslims who protected Jews during the Holocaust and saved them from death at the hands of the Nazis.","[""The exhibition, held at the private Crossroads of Civilisations Museum in Dubai, included stories of Arabs and Muslims who <ARG0>protected</ARG0> Jews during the Holocaust and <SIG0>save</SIG0>d them from <ARG1>death</ARG1> at the hands of the Nazis.""]",1
AFPNEWS,train154,0155,0,prevent_our_data_0_0155,But NATO members remain reluctant to embrace Ukraine as they want to avoid ratcheting up tensions with Russia.,"[""But NATO members remain reluctant to <ARG0>embrace</ARG0> Ukraine as they want to <SIG0>avoid</SIG0> <ARG1>ratcheting</ARG1> up tensions with Russia.""]",1
AFPNEWS,train155,0156,0,prevent_our_data_0_0156,"But no announcements have been made since, and an initial explosion of angry social media posts about the affair quickly dried up as China's internet censors apparently moved to contain criticism over the public-safety breach.","[""But no announcements have been made since, and an initial explosion of angry social media posts about the affair quickly dried up as Chinas internet <ARG0>censors</ARG0> apparently moved to <SIG0>contain</SIG0> criticism over the public-safety <ARG1>breach</ARG1>.""]",1
AFPNEWS,train156,0157,0,prevent_our_data_0_0157,"Gregori Volokhine, of Meeschaert Financial Services, said investors are becoming convinced the Fed eventually will take steps to keep inflation under wraps.","[""Gregori Volokhine, of Meeschaert Financial Services, said investors are becoming convinced the Fed eventually will take <ARG0>steps</ARG0> to <SIG0>keep</SIG0> <ARG1>inflation</ARG1> under wraps.""]",1
AFPNEWS,train157,0158,0,prevent_our_data_0_0158,"""To avoid further interruptions in the service, they chose to leave 'the fork' which prevents the emergency brake from working.""","[""To avoid further interruptions in the service, they chose to leave the <ARG0>fork</ARG0> which <SIG0>prevent</SIG0>s the emergency <ARG1>brake</ARG1> from working.""]",1
AFPNEWS,train158,0159,0,prevent_our_data_0_0159,"Suning wants to save as much as possible both on the purchase of new players and salaries, as well as potentially selling those with the highest value, an approach that Conte believes incompatible with the club's desire to play at the highest level in Europe.","[""<ARG0>Suning</ARG0> wants to <SIG0>save</SIG0> as much as possible both on the purchase of new players and salaries, as well as potentially selling those with the highest value, an approach that Conte believes incompatible with the clubs desire to play at the highest level in <ARG1>Europe</ARG1>.""]",1
AFPNEWS,train159,0160,0,prevent_our_data_0_0160,The European Union Aviation Safety Agency (EASA) has urged airlines to avoid Belarus airspace following the country's interception Sunday of a Ryanair jet bound for Lithuania and forced to land in Minsk.,"[""The European Union Aviation Safety Agency (EASA) has <ARG0>urged</ARG0> airlines to <SIG0>avoid</SIG0> Belarus airspace following the countrys <ARG1>interception</ARG1> Sunday of a Ryanair jet bound for Lithuania and forced to land in Minsk.""]",1
AFPNEWS,train161,0162,0,prevent_our_data_0_0162,"Morocco recently eased restrictions imposed to control the spread of the coronavirus, shortening a night-time curfew, but a long-standing state of emergency over the health crisis has been extended until June 10.","[""Morocco recently eased <ARG0>restrictions</ARG0> imposed to <SIG0>control</SIG0> the spread of the <ARG1>coronavirus</ARG1>, shortening a night-time curfew, but a long-standing state of emergency over the health crisis has been extended until June 10.""]",1
AFPNEWS,train163,0164,0,prevent_our_data_0_0164,"After putting her bassoon to one side for a while, she eventually managed to find some alternative projects -- particularly making records -- to keep her spirits up and stop herself from getting rusty.","[""After putting her bassoon to one side for a while, she eventually managed to find some alternative <ARG0>projects</ARG0> -- particularly making records -- to keep her spirits up and <SIG0>stop</SIG0> herself from getting <ARG1>rusty</ARG1>.""]",1
AFPNEWS,train165,0166,0,prevent_our_data_0_0166,"The multi-year Everbridge symposium series offers global leaders a valuable forum to exchange best practices on how to protect people and business assets; build back and grow revenue streams; increase business resiliency; and mitigate potential threats like IT outages, cyber-attacks, natural disasters, and many other critical events.","[""The multi-year Everbridge symposium series offers global leaders a valuable forum to exchange best <ARG0>practices</ARG0> on how to <SIG0>protect</SIG0> people and business assets; build back and grow revenue streams; increase business resiliency; and mitigate potential <ARG1>threats</ARG1> like IT outages, cyber-attacks, natural disasters, and many other critical events.""]",1
AFPNEWS,train167,0168,0,prevent_our_data_0_0168,"""If they can ban president Trump, all conservative voices could be next,"" House Minority Leader Kevin McCarthy tweeted.","[""If <ARG0>they</ARG0> can <SIG0>ban</SIG0> president Trump, all conservative <ARG1>voices</ARG1> could be next, House Minority Leader Kevin McCarthy tweeted.""]",1
AFPNEWS,train168,0169,0,prevent_our_data_0_0169,Authoritarian China regards democratic and self-ruled Taiwan as its own territory and works to keep the island from becoming diplomatically isolated.,"[""Authoritarian China regards democratic and self-ruled Taiwan as its own territory and <ARG0>works</ARG0> to <SIG0>keep</SIG0> the island from <ARG1>becoming</ARG1> diplomatically isolated.""]",1
AFPNEWS,train169,0170,0,prevent_our_data_0_0170,"Facebook and Instagram on Wednesday announced plans to let users stop displaying ""like"" tallies racked up by posts, letting people opt out of seeking status through the approval of others.","[""Facebook and Instagram on Wednesday announced <ARG0>plans</ARG0> to let users <SIG0>stop</SIG0> <ARG1>displaying</ARG1> like tallies racked up by posts, letting people opt out of seeking status through the approval of others.""]",1
AFPNEWS,train170,0171,0,prevent_our_data_0_0171,"""The national and local governments have put stringent measures in place to contain the spread of infections, and we believe the situation will improve as a result,"" he said.","[""The national and local governments have put stringent <ARG0>measures</ARG0> in place to <SIG0>contain</SIG0> the spread of <ARG1>infections</ARG1>, and we believe the situation will improve as a result, he said.""]",1
AFPNEWS,train171,0172,0,prevent_our_data_0_0172,"Tokyo claims the islands, which it calls the Northern Territories, and the dispute has prevented the two countries from signing a formal peace treaty since World War II.","[""Tokyo claims the islands, which it calls the Northern Territories, and the <ARG0>dispute</ARG0> has <SIG0>prevent</SIG0>ed the two countries from signing a formal peace <ARG1>treaty</ARG1> since World War II.""]",1
AFPNEWS,train172,0173,0,prevent_our_data_0_0173,"Google and HCA said that security will be in place to protect health data, which has strict protections under US law.","[""Google and HCA said that <ARG0>security</ARG0> will be in place to <SIG0>protect</SIG0> health <ARG1>data</ARG1>, which has strict <SIG0>protect</SIG0>ions under US law.""]",1
AFPNEWS,train173,0174,0,prevent_our_data_0_0174,There have been calls to revamp the UN health agency as well as the entire global approach to health to avoid future catastrophes.,"[""There have been calls to <ARG0>revamp</ARG0> the UN health agency as well as the entire global approach to health to <SIG0>avoid</SIG0> future <ARG1>catastrophes</ARG1>.""]",1
AFPNEWS,train174,0175,0,prevent_our_data_0_0175,"Traditional pumps may contain different materials, including metal components that can in some cases complicate the recycling process.","[""Traditional <ARG0>pumps</ARG0> may <SIG0>contain</SIG0> different materials, including metal components that can in some cases complicate the <ARG1>recycling</ARG1> process.""]",1
AFPNEWS,train176,0177,0,prevent_our_data_0_0177,The 51-year-old Italian has been at loggerheads with the cash-strapped club's owners Suning over planned cost cutting which would prevent him building the team he wants to challenge at home and in Europe.,"[""The 51-year-old Italian has been at loggerheads with the cash-strapped clubs owners Suning over planned <ARG0>cost cutting</ARG0> which would <SIG0>prevent</SIG0> him <ARG1>building</ARG1> the team he wants to challenge at home and in Europe.""]",1
AFPNEWS,train177,0178,0,prevent_our_data_0_0178,"General Motors, Ford's main competitor in the US market, pledged in January to stop making diesel- or gasoline-powered cars.","[""General Motors, Fords main competitor in the US market, <ARG0>pledged</ARG0> in January to <SIG0>stop</SIG0> <ARG1>making</ARG1> diesel- or gasoline-powered cars.""]",1
AFPNEWS,train178,0179,0,prevent_our_data_0_0179,Thousands of Australian sports fans were told to self-isolate and get tested for coronavirus Wednesday after an infected spectator attended a match in Melbourne and the city raced to avoid another lockdown.,"[""Thousands of Australian sports fans were told to self-isolate and get <ARG0>tested</ARG0> for coronavirus Wednesday after an infected spectator attended a match in Melbourne and the city raced to <SIG0>avoid</SIG0> another <ARG1>lockdown</ARG1>.""]",1
AFPNEWS,train179,0180,0,prevent_our_data_0_0180,"""Indonesia's economy struggled to gain any momentum in the first quarter of the year and a failure to contain the virus will hold back the recovery in the quarters ahead,"" Gareth Leather, Senior Asia Economist from Capital Economics said.","[""Indonesias economy struggled to gain any momentum in the first quarter of the year and a <ARG0>failure</ARG0> to <SIG0>contain</SIG0> the virus will hold back the <ARG1>recovery</ARG1> in the quarters ahead, Gareth Leather, Senior Asia Economist from Capital Economics said.""]",1
AFPNEWS,train181,0182,0,prevent_our_data_0_0182,"The trio, all involved in management of the cable car, are accused of deliberately deactivating the emergency brake that could have stopped it slamming into the side of the Mottarone mountain when the cable snapped on Sunday afternoon.","[""The trio, all involved in management of the cable car, are accused of deliberately <ARG0>deactivating</ARG0> the emergency brake that could have <SIG0>stop</SIG0>ped it <ARG1>slamming</ARG1> into the side of the Mottarone mountain when the cable snapped on Sunday afternoon.""]",1
