text,subject,object,relation
"Two days before the attack , local police arrested Tohtunyaz , Ehet and Muhammad as they tried to illegally cross into Vietnam via Honghe county , the court said .",local police,"Tohtunyaz, Ehet and Muhammad",prevent
"26th April 2014 09:26 AM Nearly three months after an AIADMK functionary was chased and hacked to death in full public view near the busy Chengalpattu government hospital , the victim ’ s wife and relatives staged a hunger strike demanding that the police arrest those who masterminded the murder .",the victim’s wife and relatives,police arrest those who masterminded the murder,demand
"Subsequently , the police arrested six persons in connection with the murder and eight others turned themselves in .",police,six persons,enable
The police also arrested 79 persons at Surandai and 80 others at Paavoorchathram when they tried to tap toddy .,police,79 persons at Surandai and 80 others at Paavoorchathram,prevent
"Taking strong exception to the inordinate delay in release of the promised compensation for crop loss in the August 2005 floods , nearly 50 farmers , led by the Telugu Desam Party MPTC member Gurumurthy and local CPI - ( M ) leaders Krishna Babu and Kondala Babu , squatted before the MRO .",delay in release of the promised compensation for crop loss in the August 2005 floods,50 farmers,cause
He has been accused of using a slingshot during the # FeesMustFall protests in Durban and was arrested during running battles with police on September 27 last year .,He,using a slingshot during the #FeesMustFall protests in Durban,accused
"15th September 2015 05:49 AM THIRUVANANTHAPURAM : With the government appearing to be in no mood to meet the demand of the doctors of the health service , the Kerala Government Medical Officers Association spearheading the hunger strike in front of the state secretariat has called for intensifying the agitation in the coming days .",doctors of the health service,intensifying the agitation,intend
"Subcontractors  will  be offered a settlement and a swift transition to new management  is expected  to avert an exodus of skilled workers from Waertsilae Marine's two big shipyards, government officials said.    ",a swift transition to new management,exodus of skilled workers from Waertsilae Marine's two big shipyards,prevent
"September 22 , 2016 00:00 IST Ahmad writes to Rajnath on violence by vigilante groups National Commission for Minorities ( NCM ) chairperson Naseem Ahmad has written to Union Home Minister Rajnath Singh , expressing concern at the growing violence against Muslims by vigilante groups and has urged the Minister to work towards creating a sense of security amongst the minorities .",Naseem Ahmad,violence against Muslims by vigilante groups,prevent
The traffic on Rohtak-Jhajjar highway remained disrupted prompting police to divert vehicles to other routes .,traffic on Rohtak-Jhajjar highway,police,enable
"Tiruvannamalai : Cab drivers , owners take out rally May 22 , 2012 00:00 IST Tourist cab drivers and owners took out a rally here on Monday demanding to scrap lifetime tax system introduced by Tamil Nadu government .",Tourist cab drivers and owners,lifetime tax system introduced by Tamil Nadu government,prevent
"The reality is that there is more demand than supply, and the increase in demand and decrease in supply is growing, so it makes a big difference how we're going to decide who's going to allocate water. """,increase in demand and decrease in supply,who's going to allocate water,cause
"Soon after the meeting , BJP legislators staged a dharna demanding Bhardwaj ’ s recall for his “ undemocratic conduct ” , even as the state Cabinet urged him to accord permission to convene a 10 - day legislature session from June 2 .",BJP legislators,Bhardwaj’s recall for his “undemocratic conduct”,cause
"The department said teachers who joined the protest march would face disciplinary action and that the no-work , no-pay rule would apply .",teachers who joined the protest march,disciplinary action,prevent
The CPM workers too came out of the building to confront the protesters and a minor scuffle ensued .,CPM workers,protesters,cause
"The leopards escaped on April 19 -- with careless cage-cleaners blamed for letting them out -- but the Hangzhou Safari Park hid the breakout for nearly three weeks to avoid bad publicity, police in the city have said.",careless cage-cleaners,leopards escaped,cause
"Japan registered its biggest year-on-year increase in exports in almost 30 years in January, prompting manufacturers to hire more people who, in turn, spent more.",Japan,its biggest year-on-year increase in exports in almost 30 years in January,enable
Two Limpopo women were targeted for wearing mini-skirts on the day the world celebrates women 's rights .,Two Limpopo women,were targeted for wearing mini-skirts on the day the world celebrates women 's rights,prevent
"Lalu , Rabri upbeat after success of shutdown 29th January 2010 01:40 PM An RJD activist wears a garland and crown made of vegetables and shouts slogans along with others during a protest against inflation in Patna .",success of shutdown,"Lalu, Rabri",cause
"TAMIL NADU Toddy tappers held in districts January 22 , 2009 00:00 IST Revoke ban : Members of Tamil Nadu Nadar Peravai showing pots as a mark of protest in Virudhunagar on Wednesday .",Toddy tappers,ban,prevent
Violence broke out when DYFI members protested against a Youth Congress meeting being held at the junction .,DYFI members protested against a Youth Congress meeting being held at the junction,Violence,cause
"Vijayaramana Rao , G. Kamalakar and others bought three donkeys and placed dummy cylinders on them in protest against the petrol , diesel and LPG cylinder price hike .","Vijayaramana Rao, G. Kamalakar and others",price hike,protest
"The youths had on December 20 launched a cycle rally from Pune under their "" Bharat Jodo "" ( Link India ) campaign to propagate the message of peace in Maharashtra , Chhattisgarh and Odisha , the states worst affected by Naxalism .",The youths,"propagate the message of peace in Maharashtra, Chhattisgarh and Odisha",intend
"| Photo Credit : Photo : Arunangsu Roy Chowdhury People assembled at the spot to discuss alleged atrocities by ` Santi Sena ' Gumla ( Jharkhand ): Eight persons , including two with alleged criminal backgrounds , were killed and a dozen injured in a group clash at Kurkura village in Gumla district , the police said .",Eight persons,a group clash at Kurkura village in Gumla district,cause
"In Friday 's memorandum , the Health and Other Service Personnel Trade Union ( Hospersa ) accused the department of denying cancer patients treatment , '' causing some of them to move from being treatable to terminal '' .",the Health and Other Service Personnel Trade Union (Hospersa),some of them,cause
They vowed to keep demonstrating until Khanyile was released on bail .,They,Khanyile,cause
( PICS AVAILABLE ON www.sapapics.co.za ) A crowd of supporters erupted as Jacob Zuma walked on to a stage outside the Pietermaritzburg High Court on Thursday to address them .,A crowd of supporters,Jacob Zuma,cause
They reacted angrily when mayor James Nxumalo was not available to accept their memorandum .,They,mayor James Nxumalo,prevent
"Meanwhile , political activists continued their protest in several places in Tamil Nadu , particularly districts fed by the Mullaperiyar waters , to protest Kerala 's refusal to raise the storage level in the dam .",political activists,protest Kerala's refusal to raise the storage level in the dam,intend
"Mining for trouble Sino Gold Mining , which only last week announced a joint venture to expand exploration near its White Mountain Mine in Jilin province , had to halt operations yesterday as protesting farmers blocked the main access road .",protesting farmers,Sino Gold Mining had to halt operations,prevent
"Angry at the theatre owners ignoring the ‘ diktat ’ not to screen the movie that has raised the hackles of a plethora of Hindu organisations , volunteers of the outfit descended on City Gold Multiplex and Shiv theatre on Ashram Road , smashing glass panes at windows .",volunteers of the outfit,smashing glass panes at windows,cause
"Nine persons have been arrested so far since the incident happened on Sunday night when the 21 - year-old Tanzanian student went through the ordeal in vigilante justice by an angry mob in a case of "" mistaken identity "" after a woman was mowed down by a car driven by a Sudanese here .",the 21-year-old Tanzanian student went through the ordeal in vigilante justice,Nine persons,cause
"But the caste violence that wrecked the lives of over a thousand Dalits earlier this month has forever tainted the image of Dharmapuri district as a former Naxal stronghold that , even a decade ago , had no place for caste or class differences .",caste violence,the image of Dharmapuri district as a former Naxal stronghold,prevent
The activists of Jaya Karnataka Sanghatane and Manava Hakkugala Horatagarara Parishat also staged separate protests at the Deputy Commissioner ’ s office demanding the State government hand over the probe to the Central Bureau of Investigation .,activists of Jaya Karnataka Sanghatane and Manava Hakkugala Horatagarara Parishat,State government,demand
People invaded the land in Rus-ter-vaal in the previous weeks and the Emfuleni Municipality had obtained a court order to evict them .,People,land in Rus-ter-vaal,cause
The 30 students continued their hunger strike for the withdrawal of suspension of eight student doctors .,The 30 students,withdrawal of suspension of eight student doctors,cause
"Philip Morris Cos., New York, adopted a defense measure designed to make a hostile takeover prohibitively expensive.    ","Philip Morris Cos., New York",a hostile takeover,prevent
"— | Photo Credit : Photo : N. Bashkaran April 18 , 2009 00:00 IST Staff Reporter KRISHNAGIRI : Cadres of Communist Party of India ( Marxist ) staged a demonstration in front of the Revenue Divisional Office , Krishnagiri , on Friday condemning the attack on the party MLA by unidentified persons in Madurai on Wednesday night .",Cadres of Communist Party of India (Marxist),attack on the party MLA by unidentified persons in Madurai on Wednesday night,prevent
""" We conducted the march to request the global leaders to re-design the policies so that earth could become a peaceful place to live with harmony , "" said Meeran Haider .",We,global leaders,intend
"Hong Kong police on Thursday also charged 44 people linked to the protests with “ rioting ” , a crime that carries a maximum penalty of 10 years in prison .",Hong Kong police,44 people linked to the protests,charge
"The episode, a ""distributed denial-of-service"" attack, is a common type of cyberincident in which hackers saturate a system by sending a huge flood of requests, overwhelming the system and slowing or freezing operations.",hackers,system,cause
"19th December 2013 11:20 AM Cheque transactions worth more than ` 2,200 crore were hit as more than 1,400 bank branches remained closed as bank employees went on a day-long strike to protest against banking sector reforms and non-implementation of wage revision for more than a year .",bank employees,Cheque transactions,prevent
"Milan are set to secure his replacement, so the Lille goalkeeper Mike Maignan underwent a medical with the 'Rossoneri' on Tuesday ahead of a move from the newly-crowned French champions.",Milan,his replacement,enable
"Lawrence Insurance also sold 3.2 million of its shares for $7.125 each to its parent, Lawrence Group Inc. Lawrence Insurance, based in Albany, N.Y., plans to use the $22.5 million in proceeds to help finance the acquisition of United Republic.    ",Lawrence Insurance,$22.5 million,enable
Four students were injured when police fired rubber bullets during a protest on the campus of the University of the North West in Mafikeng on Monday .,police,Four students,cause
"On Tuesday , shops in Madukkarai area remained closed in protest against the damage to the idol .",shops in Madukkarai area,protest,cause
"Security measures tightened 12th September 2011 12:39 AM KOCHI : In the wake of the recent Delhi bomb blasts , security measures have been tightened in the city to prevent any untoward happening , said City Police Commissioner , M R Ajith Kumar .",Security measures,any untoward happening,prevent
Protests were held across Andhra Pradesh criticising police action on Naidu and his supporters .,Police action on Naidu and his supporters,Protests across Andhra Pradesh,cause
"Meanwhile , the forest staffers under the banner of Odisha Non-Gazetted Forest Service Association ( ONGFSA ) are sitting on an indefinite strike demanding enhancement of pay scale of forest guards as per the Sixth Pay Commission , regularisation of contractual foresters and forest guards and post upgradation of forest guards , foresters and deputy rangers .",the forest staffers under the banner of Odisha Non-Gazetted Forest Service Association ( ONGFSA ),"enhancement of pay scale of forest guards as per the Sixth Pay Commission, regularisation of contractual foresters and forest guards and post upgradation of forest guards , foresters and deputy rangers",intend
"Even as both the public and the civic officials want the strike to end , the agitating sanitation workers have decided to intensify their agitation , with no response from the government .",the agitating sanitation workers,intensify their agitation,intend
"Accidents in small-scale gold-mining, known locally as ""galamsey"", are common in the West African nation and President Nana Akufo-Addo has vowed a crackdown to curb its environmental damage.",President Nana Akufo-Addo,small-scale gold-mining,prevent
"A group of conservationists has been camping at the pier for nearly two months , in protest at its proposed demolition .",A group of conservationists,the proposed demolition,prevent
KSRTC-operated Volvo Buses Keep Off City Roads 20th April 2014 10:15 AM Eighty per cent of KSRTC-operated Volvo buses kept off the roads on Saturday as part of a protest call by the CITU-affiliated Kerala State Road Transport Employees Association ( KSRTEA ) here .,Eighty per cent of KSRTC-operated Volvo buses,City roads,prevent
"We recently moved our headquarters and research and development center to Abu Dhabi to benefit from its rapidly growing innovation hub, and with the new AWS Region, we are excited to see it thrive at an accelerated rate.""",We,our headquarters and research and development center,enable
28 Nov 2017 The governing body of the University of Hong Kong has said it will not let students stand in the way if it has to review the disciplinary code addressing violence at protests on campus .,governing body of the University of Hong Kong,students,prevent
Bush's chief objective in his meeting with Hussein was to pressthe king  to shut down Iraq's food and oil supply route from Aqabaon the Red Sea.,N/A,N/A,N/A
"Thackeray , however , said if the exam was not deferred care would be taken to ensure it is not affected by the strike .",the exam,it,ensure
"12 held after group clashes in Surat - Indian Express Express News Service , Express News Service : Surat , Tue Sep 04 2012 , 06:45 hrs The police have arrested 12 people in connection with the clashes that broke out between the members of Patel and Bharwad communities in Punagam area of the city on Sunday .",The police,12 people,cause
"But Nithin would continue his hunger strike by not eating anything , he added .",Nithin,Hunger strike,intend
"Around 4.30 pm , a 70 - member contingent of VHP and Bajrang Dal activists led by their leaders Yaman Singh and nearly 20 religious heads went in a procession towards the Raj Bhavan with an intention to submit a representation t o g o v e r n o r E S L Narasimhan .",VHP and Bajrang Dal activists led by their leaders Yaman Singh and nearly 20 religious heads,Raj Bhavan,intend
"This was to ensure that neither the police nor the media entered these villages , ” he said .",ensure,the police nor the media entered these villages,prevent
"TAMIL NADU Anti-inflation protest DRAWING ATTENTION : MDMK general secretary Vaiko leading a demonstration against the State and Central Governments , protesting the increase in prices of essential commodities , near the Collectorate in Chennai on Tuesday .",Vaiko leading a demonstration against the State and Central Governments,the increase in prices of essential commodities,cause
"( PTI ) MATHURA : Two policemen , including a superintendent of police were killed and 12 others were injured as police tried to evict around 3,000 encroachers from a park in Mathura , Uttar Pradesh late on Thursday .",police,encroachers,prevent
"PUBLISHED : Saturday , 03 February , 2018 , 3:02pm Mandarin , the language of independence 5 Apr 2018 After weeks of protests , anger and even death threats over a Mandarin language exam at Baptist University , campus seemed to have calmed down by the end of this week , when the school announced it was lifting the suspensions of two students , after the pair apologised to affected staff .","weeks of protests, anger and even death threats over a Mandarin language exam at Baptist University",campus,cause
"Accusing the CPM of instigating the violence , she said the deaths were result of clashes between the Congress and the Marxists .",the deaths,clashes between the Congress and the Marxists,result
"Slovenian prosecutor Drago Sketa angrily dismissed such a suggestion, saying it would interfere with the prosecutors' independence.",suggestion,it,interfere
"The protestors removed a portion of the railway track between Diphu and Doldoli stations today , halting train movement , they said .",The protestors,train movement,prevent
"Several EU countries have restricted the use of AstraZeneca's vaccine to older people, typically over 55 or 60.",Several EU countries,use of AstraZeneca's vaccine to older people,prevent
"Another 16 members of the Brazilian-led peacekeeping force deployed in Haiti are confirmed dead, U.N. Secretary-General Ban Ki-moon said Wednesday night -- three Jordanian police officers, one Argentinean and one Chadian police officer, and 11 Brazilian peacekeepers.",16 members of the Brazilian-led peacekeeping force deployed in Haiti,U.N. Secretary-General Ban Ki-moon,cause
"When the AIADMK leader arrived at her Poes Garden house , her party workers from the north Chennai unit believed to be supporters of MLA P K Sekar Babu ’ s camp raised slogans seeking to protect the party in north Chennai .",AIADMK leader,party workers,intend
"`` A number of comrades have been arrested in Pietermaritzburg who are accused of having been involved directly or indirectly in the killing of comrades , including the murder of comrade Musawenkosi Mchunu .",A number of comrades,the killing of comrades including the murder of comrade Musawenkosi Mchunu,prevent
""" Welcoming Pakistans PM would be the insult of the martyrdom of our soldiers because Pakistan neither took action against guilty despite protest of our government nor return the head of our soldier so I boycotted his visit , "" the Dargah 's spiritual head said yesterday .",Welcoming Pakistan's PM,insult of the martyrdom of our soldiers,prevent
"NE Youth 's Death Sparks Protest 01st February 2014 09:23 AM Nido Taniam , son of Arunachal Pradesh Congress legislator Nido Pavitra died on Thursday allegedly after being beaten up at a market area in Lajpar Nagar here .","Nido Taniam , son of Arunachal Pradesh Congress legislator Nido Pavitra",Protest,cause
"Police fired rubber bullets to disperse protesting Bethanie residents , NWest ANA Reporter BRITS , September 3 ( ANA ) - Police used rubber bullets to disperse protesting residents of Bethanie outside Brits on Monday .",Police,protesting Bethanie residents,cause
"Maoists blow up panchayat office , godown - Indian Express Agencies , Agencies : Malkangiri ( Orissa ) , Sun May 30 2010 , 13:37 hrs Maoists blew up a panchayat office building and a godown in 's Malkangiri district early on Sunday in an apparent bid to prevent security personnel from camping there .",Maoists,security personnel camping,prevent
"By unfurling a separate flag , the supporters of a separate Vidarbha have insulted the tricolour and the Constitution , "" it said .",supporters of a separate Vidarbha,tricolour and the Constitution,prevent
"Hong Kong must not become a breeding ground for hate Susan Chan denounces the abuse perpetrated by radical protest groups PUBLISHED : Monday , 16 March , 2015 , 2:13pm In recent weeks , there have been protests organised against parallel trading in the New Territories and Tsim Sha Tsui .",Susan Chan denounces the abuse perpetrated by radical protest groups,Hong Kong,prevent
This membership drive issue spilled over to the streets as another group took on its rivals near Keshari Talkies .,membership drive issue,another group,cause
"So we are asking people to come out because it may be the last time that we are going to have a peaceful and lawful protest in Hong Kong , ” said one of the organisers of the rally .",organisers of the rally,people,enable
"Female Facebookers started catching on this week as a message made its rounds through the inboxes of the social media network.""",Female Facebookers,a message,enable
There was a shutdown in various towns in Jammu regions against the incident .,shutdown in various towns in Jammu regions,incident,cause
"Lam – who has kept out of the public eye since her climbdown and has record low approval ratings – struck a conciliatory note Monday at the ceremony marking the handover , saying a series of protests that have rocked her city have taught her that she needs to listen better to the youth and people in general .",Lam,series of protests,cause
"Truckers in Bihar have refused to join the strike , saying that it hampers progress .",Truckers in Bihar,the strike,prevent
"Thereafter , two persons , who placed a cement slab on the railway track between Poovanur and Ulundurpet railway stations in Villupuram district with an intention of causing mass destruction to the train and passengers , were detained under the National Security Act in December .",two persons,mass destruction to the train and passengers,intend
Since last Thursday mass anti-terror parades involving thousands of heavily armed troops have been staged in three of Xinjiang ’ s most important cities following two deadly attacks in which more than a dozen people were slain .,two deadly attacks in which more than a dozen people were slain,mass anti-terror parades involving thousands of heavily armed troops,enable
"KARNATAKA People want road developed January 18 , 2007 00:00 IST Correspondent KARWAR : People of Devbag , near here , staged a demonstration on Tuesday to protest against the move of the zilla panchayat to inaugurate a newly built bridge across the Mavinahole stream without developing the road connecting the bridge on either side .","People of Devbag, near here",the move of the zilla panchayat to inaugurate a newly built bridge across the Mavinahole stream without developing the road connecting the bridge on either side,prevent
"On July 28 , an argument between two shopkeepers had led to a communal flare-up .",an argument between two shopkeepers,a communal flare-up,cause
Conservationists have welcomed the decision to reject a bid from Tanzania and Zambia to temporarily suspend a worldwide ban on trading in African elephant ivory so they can offload legal stockpiles in a one-off sale.,decision,reject a bid from Tanzania and Zambia to temporarily suspend a worldwide ban on trading in African elephant ivory,prevent
"The White House yesterday disclosed that Kuwait's ousted government has formally asked the U.S. to enforce the total trade embargo the United Nations has imposed on Iraq, allowing the U.S. and other nations to immediately begin stopping ships carrying Iraqi goods.   ",Kuwait's ousted government,U.S.,enable
"But he would not apologise for the protest , saying students ’ voices need to be heard .",he,students' voices,intend
"Ottawa has invested Can$36.5 million (US$30 million) over the past year to advance lunar and space technologies including micro-rovers, and to build a third-generation robotic arm dubbed Canadarm3.",Ottawa,"advance lunar and space technologies including micro-rovers, and to build a third-generation robotic arm dubbed Canadarm3",enable
"Thiruvananthapuram : Protest against assault on woman in Kochi June 25 , 2011 00:00 IST Dozens of people , including women , took out a ‘ Freedom Walk ' through the main thoroughfare of the city on Thursday midnight in protest against the alleged assault on Tasni Banu , a woman BPO employee of the Infopark in Kochi a few days ago .",people,assault on Tasni Banu,prevent
"Seven BJP workers were injured in a clash with their Congress counterparts at Pigdambar village in Mhow tahsil of poll-bound Madhya Pradesh , police said on Thursday .",BJP workers,Congress counterparts,cause
Israel criticized Turkey Monday for a Turkish television series that it said depicted Israeli intelligence agents as baby-snatchers.,Israel,Turkish television series,criticize
"Pentagon sources in Washington meanwhile said the Bushadministration plans  to deploy 45,000 Marines to the region to backup the thousands of Army, Navy and Air Force troops already inplace in the gulf and the Saudi desert.   ",Bushadministration plans,"deploy 45,000 Marines to the region",intend
The protesters planted the saplings in potholes to draw the attention of the officials to the poor condition of the road .,The protesters,the poor condition of the road,enable
"Jagan ’ s indefinite fast was broken on Saturday afternoon , when his condition started deteriorating .",Jagan’s indefinite fast,his condition,prevent
Cosatu in North West on Wednesday queried Lanxess chrome mine 's move to suspend some workers after a recent strike at the Rustenburg mine .,Cosatu in North West,Lanxess chrome mine,query
"In fact , some inspectors and sub-inspectors allegedly moved in vehicles to ensure that the mobs continued their spree .",some inspectors and sub-inspectors,mobs,enable
"Ralston attributed its fourth-quarter slump partly to higher costs of ingredients in the pet food business as well as competitive pressures, which required higher advertising spending. ",Ralston,its fourth-quarter slump,cause
"Police used rubber bullets to disperse a group of about 300 people protesting against poor service delivery in Landsdowne Road , Superintendent Riaan Pool said .",Police,group of about 300 people protesting against poor service delivery,cause
A student had to be administered saline drip while other 14 students refused to break their fast and end the strike until their problems were addressed .,other 14 students,break their fast and end the strike,prevent
"It's an ideal example of how an individual voice can be magnified to create awareness for a good cause and ignite action among millions by using a site like Facebook. """,an individual voice,awareness for a good cause,enable
"A spokesman said the savings bank may not qualify for the capital requirements because, under the proposed guidelines, its $380 million of preferred stock does n't meet the ""core capital"" criteria outlined under the new Financial Institutions Reform, Recovery and Enforcement Act of 1989. ",savings bank,may not qualify for the capital requirements,prevent
"Muslim women sit on dharna , demand passage of Womens Reservation Bill",Muslim women,passage of Womens Reservation Bill,demand
"“ If every Hongkonger chooses to stay at home , then we will surely die …",every Hongkonger,we,cause
"S. Sreenivas Reddy , convenor , Andhra Pradesh Recognised Private Schools Managements Association , has said that schools would be closed in anticipation of tense situation due to bandh .",schools,closed,prevent
"While rivalry between student groups led to the violence in which firing from a country - made pistol allegedly took place and eight students were said to be injured , the exact provocation behind the incident is not clear .",rivalry between student groups,violence,cause
In the streets too the general sense of animosity prevailed as the CPM and BJP workers scuffled outside the AKG Centre and 600 people were detained .,CPM and BJP workers,600 people,cause
They were caned mercilessly and shooed out of the venue when some of them raised slogans against Chief Minister YS Rajasekhara Reddy who inaugurated the two-day job mela organised by the Greater Hyderabad Municipal Corporation ( GHMC ) .,some of them raised slogans against Chief Minister YS Rajasekhara Reddy,They,prevent
"March 03 , 2013 00:00 IST Holds demonstration in front of SE office in Nizamabad The TDP Legislators on Saturday , seriously warned the electricity authorities against the frequent cuts in power supply to the farm sector resulting in damage to the crop which is in its last stage for harvest .",TDP Legislators,frequent cuts in power supply to the farm sector resulting in damage to the crop,prevent
"The pass, which can be downloaded on a person's mobile phone two weeks after receiving their second shot, gives the bearer permission to move about freely in cities under lockdown to go to the supermarket, pharmacy, or for open air exercise.",pass,bearer,enable
"The Google.cn filter, which returns censored search results, was created after the original form of the U.S. - based search engine was routinely slowed or blocked by China's Internet controls.",Google.cn filter,original form of the U.S.-based search engine,enable
The militants then fired upon the vehicle carrying the team with AK rifles and killed all five officials .,militants,all five officials,cause
Residents started protesting on Sunday afternoon about a water shortage in Mothutlung .,Residents,water shortage in Mothutlung,cause
Lau cited students storming a meeting room back in 2015 to protest against Chin ’ s appointment following a short consultation held during the exam period .,students storming a meeting room back in 2015 to protest against Chin's appointment,Chin's appointment,prevent
"After putting her bassoon to one side for a while, she eventually managed to find some alternative projects -- particularly making records -- to keep her spirits up and stop herself from getting rusty.",she,herself,prevent
"After meeting with Prime Minister Benjamin Netanyahu, Blinken reiterated support for Israel's right to defend itself against rocket attacks by Gaza's Hamas rulers, adding that they must benefit from reconstruction aid.",Blinken,support for Israel's right to defend itself against rocket attacks by Gaza's Hamas rulers,intend
June 2 : CPI-Maoist cadres killed three villagers near Ranchi for allegedly collecting money in the name of the outfit .,CPI-Maoist cadres,three villagers near Ranchi,prevent
They withdrew the protest after the revenue and police officials assured them that they would release the persons not involved in the clash .,revenue and police officials,the protest,enable
"Roja , accompanied by YSRC MLAs Ch Bhaskar Reddy , Narayanaswamy , Amarnatha Reddy and Sunil , came to Nagari on Saturday and staged a dharna in front of the police station seeking action against those involved in attacking her .","Roja, YSRC MLAs Ch Bhaskar Reddy, Narayanaswamy, Amarnatha Reddy and Sunil",action against those involved in attacking her,seek
"He said the municipality was responding to all the issues raised by the community which had led to the protest , and pleaded with them not to chase away municipal workers when they were in the area to provide services .",municipality was responding to all the issues raised by the community which had led to the protest,protest,cause
The president also has offered  to help offsetJordan's costs because 40 percent of its exports go to Iraq and 90percent of its oil comes from there.,president,help offset Jordan's costs,enable
The police fired seven rounds in the air and lobbed nine teargas shells to bring the mob which fired from country-made guns and pelted stones under control .,The police,The mob,prevent
"Eyewitness said three rebels armed with sophisticated weapons arrived near the Shiva temple in a motorcycle and fired point blank at 38 - year-old contractor Budra Dhangda Majhi , killing him on the spot .",three rebels armed with sophisticated weapons,Budra Dhangda Majhi,cause
"The organisers then signed a petition demanding strict legal action against the accused which would be sent to the Delhi CM , PM , and Home Minister .",organisers,strict legal action against the accused,demand
"According to the police , the incident occurred when a man , belonging to the Dalit community , was allegedly asked to pay extra money for eggs at a roadside stall by its owner , a Muslim .",the incident occurred,a man belonging to the Dalit community,cause
"New Delhi : OROP-PROTEST January 18 , 2016 00:00 IST Ex - servicemen stage protest outside Jaitley residence Ex - servicemen seeking changes in the government ’ s One Rank One Pension ( OROP ) scheme on Sunday staged a protest outside the official residence of Finance Minister Arun Jaitley here , alleging that he failed to respond to concerns raised by them during an earlier meeting .",Ex - servicemen seeking changes in the government’s One Rank One Pension (OROP) scheme,protest outside the official residence of Finance Minister Arun Jaitley,cause
"RAMANATHAPURAM Man injured in clash March 29 , 2011 00:00 IST People block road traffic on NH 210 : One person was injured when a group of DMK men allegedly attacked him and some others at Sholandur near R.S. Mangalam on Monday .",DMK men,Man injured,cause
"KURNOOL : Capital punishment sought for rape accused July 23 , 2015 00:00 IST YSR Congress activists staged a demonstration at the Gandhi statue in front of the Kurnool Collectorate on Wednesday , seeking capital punishment for Khaja Pasha who allegedly raped a seven-year-old girl in Khadagpura on July 19 .",YSR Congress activists,Capital punishment,intend
"KALPETTA : AIYF activists stall bank work November 24 , 2011 00:00 IST Activists under the Mananthavady taluk committee of the All India Youth Federation ( AIYF ) , the youth organisation of the Communist Party of India ( CPI ) , stalled work of the Mananthavady branch of Punjab National Bank on Wednesday in protest against the bank 's alleged move to appoint agencies to recover overdue loan amounts from farmers in the district .",Activists under the Mananthavady taluk committee of the All India Youth Federation ( AIYF ),work of the Mananthavady branch of Punjab National Bank,prevent
"Profit climbed to $98 million from $71 million in the petroleum segment, as Du Pont's Conoco Inc. oil company was helped by crude oil prices higher than a year ago and by higher natural gas prices and volume.    ",Du Pont's Conoco Inc. oil company,Profit,enable
"People arriving in France from Britain will have to self-isolate to prevent the spread of Covid-19, notably its Indian variant, government spokesman Gabriel Attal said on Wednesday.",People arriving in France from Britain,the spread of Covid-19,prevent
"As the protest entered its third day , Hlatshwayo said students had threatened to render the campus ungovernable if the university failed to address their grievances .",students,university failed to address their grievances,prevent
The police have denied allegations that they were targeting leaders of the student protests in order to thwart the ' # FeesMustFall ' campaign after the arrest of former Witwatersrand University Student Representative Council president Mcebo Dlamini .,police,targeting leaders of the student protests,prevent
We cannot remain mute spectators while our brothers and sisters in Tibet suffer everyday under the Chinese rule . ” The Chennai fast is part of a marathon hunger fast launched by the monks of the Gaden Jangste Monastery in various metros of India in an effort to internationalise the worsening human rights situation in Tibet .,We,our brothers and sisters in Tibet,prevent
"Mamata shows off strength , takes out padayatra 01st April 2011 02:48 AM KOLKATA : Trinamool Congress supremo Mamata Banerjee organised a huge padayatra as part of her election campaign in the city on Thursday , sending a message to the CPM leadership about the possible change in the state administration .",Mamata Banerjee,padayatra,intend
"On Tuesday , 29 truckers were arrested in the Johannesburg city centre after violent clashes with the police .",29 truckers,violent clashes with the police,cause
"The violence that followed in Nandigram was due to them for which the BJP was criticising the CPI(M) , he added .",violence,BJP,cause
"So-called "" fidayeen "" , or suicide , squads of Lashkar-e-Toiba militants launched a series of attacks in Jammu and Kashmir last year , killing many soldiers .",Lashkar-e-Toiba militants,series of attacks in Jammu and Kashmir last year,cause
"Led by former Minister Mandava Venkateswar Rao , MLA ( Nizamabad Urban ) MLAs Annapoornamma and Hanmanth Shinde and MLCs V.G. Goud and A. Narsa Reddy held protest demonstration in front of the office of Superintending Engineer demanding rectification of the situation within two days .",MLAs Annapoornamma and Hanmanth Shinde and MLCs V.G. Goud and A. Narsa Reddy,rectification of the situation within two days,demand
"Those gains came from higher prices, particularly for disposable diapers and tissue products, and from increased sales, primarily for feminine-care products, the company said. ",prices,Those gains,cause
"ANDHRA PRADESH Strike near total in Khammam December 15 , 2006 00:00 IST Staff Reporter Dharnas , demonstrations mark the protest against government policies KHAMMAM : The general strike called by the left trade unions against the Centre 's economic policies was near total in Khammam district on Thursday .",left trade unions,general strike,cause
"At the same time the EASA said it did not believe the safety concern relating to the incident comprised an ""unsafe condition"" that would warrant a safety directive which would force airlines to comply.",EASA,safety concern,prevent
"The dawn-to-dusk shutdown evoked total response in Bihar , upsetting Lalu-Rabri rival Nitish Kumar as well as the Bharatiya Janata Party ( BJP ) and the Congress , which is trying for a revival in the state .",shutdown,response in Bihar,cause
"""There are very specific entry and movement rules and procedures which the organisers have laid out in order to ensure the protection of everyone involved,"" she added.",organisers,protection of everyone involved,ensure
"Ocean Drilling amp Exploration Co. will sell its contract-drilling business, and took a $50.9 million loss from discontinued operations in the third quarter because of the planned sale.    ",Ocean Drilling & Exploration Co.,contract-drilling business,cause
"Despite this , if the protest continues , we will have to initiate a strong police action , "" said MMRDA Commissioner Ratnakar Gaikwad .",protest,strong police action,intend
Hundreds of members of the Police and Prisons Civil Rights Union gathered at the King Dinuzulu Gardens in Durban on Wednesday ahead of a march over salary grades on Wednesday .,Members of the Police and Prisons Civil Rights Union,Salary grades march,intend
"If the strike prolongs , nearly 50 buses need to be brought in from main depots like Thiruvananthapuram to operate buses to different parts of the district , Mr. Stanley said .",strike prolongs,nearly 50 buses,enable
"Dethrone Naveen government : Congress 07th September 2012 12:07 PM Buoyed by the massive turnout at the ‘ Parivartan ’ rally , Congress leaders on Thursday gave a clarion call to party workers and supporters to dethrone Naveen Patnaik Government in the 2014 general elections .",Congress leaders,Naveen Patnaik Government,intend
"Opposing the Pakistan premier 's visit that was marked by tight security , local lawyers , some BJP activists and representatives of markets associations staged protests and shouted anti-Pakistan slogans .","local lawyers, some BJP activists and representatives of markets associations",the Pakistan premier's visit,prevent
"A group of Hong Kong pro-democracy activists have been sentenced to prison for their role in the Umbrella Movement protests , with two of its leaders jailed for 16 months .",Hong Kong pro-democracy activists,prison,cause
"Demonstration The agitators demonstrated when the education officials started handing over the appointment orders to the selected candidates , demanding an inquiry to determine the genuineness of the address proof submitted by the migrated candidates .",The agitators,education officials handing over the appointment orders to the selected candidates,cause
"About 200 people , majority of them leaders and workers of the Congress party , were arrested in connection with 114 cases of attacks on Reliance outlets .","200 people, majority of them leaders and workers of the Congress party",114 cases of attacks on Reliance outlets,cause
"The CPI(M) leader said that while CPI(M) workers were the victims of RSS attacks at Thalassery and Malampuzha , the UDF was organising a Shanthi Yatra ( a foot march for peace by the Congress ) to target the CPI(M) as perpetrators of violence .",CPI(M) workers,RSS attacks at Thalassery and Malampuzha,prevent
""" We decided to exclude Mumbai , where the ' rail roko ' demonstrations were slated from 11 AM to 12 noon , to avoid inconvenience to suburban commuters , "" MPCC spokesperson Sachin Sawant told PTI .",We,inconvenience to suburban commuters,prevent
"At Balagangamanahalli panchayat in Dharmapuri , residents of Eechampatti village laid siege to the Nallampalli BDO ’ s office in protest against non supply of water .",residents of Eechampatti village,Nallampalli BDO's office,cause
"ALIGARH : AMU shut down following violence May 01 , 2011 00:00 IST Aligarh Muslim University has been closed indefinitely in the wake of violence among students late on Friday evening .",AMU,"AMU, shut down",cause
This was to thwart economic well-being of the population .,This,economic well-being of the population,thwart
"Republicans have angrily criticized the Democrats' potential use of reconciliation, arguing that the maneuver was never intended to be used for major policy overhauls along the lines of the health care bill.",Republicans,potential use of reconciliation,intend
Mr. Bommai later told presspersons that whoever was responsible for forcing the protestors to stage such a protest would be dealt with sternly .,whoever was responsible for forcing the protestors to stage such a protest,protestors,cause
"Cassim said that the DA had since laid a complaint at the South African Human Rights Commission ( SAHRC ) against one identified leader in the EFF structure , Omphile Seleke , who allegedly incited chaos and violence at the University of Pretoria ( Tuks ) campus in particular .",DA had since laid a complaint at the South African Human Rights Commission (SAHRC),Omphile Seleke,prevent
Contentious issue The Greater Hyderabad Cab and Bus Operators Association went on strike demanding exemption from payment of Value Added Tax ( VAT ) with retrospective effect from 2003 .,The Greater Hyderabad Cab and Bus Operators Association,exemption from payment of Value Added Tax (VAT) with retrospective effect from 2003,intend
In the memorial meeting presided over by the VHP district unit president Kamadab Pradhan and attended by many others including Saraswati 's successor Swami Sachidananda Maharaj criticised the Odisha govenrment for not arresting all those involved in the killing .,the Odisha government,all those involved in the killing,prevent
Spokesman Keith Khoza said they had decided to March to Prime Media because the cartoon had raised various concerns .,they had decided to March to Prime Media,the cartoon,cause
Some schools which had to postpone their mid-term examinations due to the bandh have the additional task of conducting the tests before resuming the classes .,Some schools which had to postpone their mid-term examinations due to the bandh,conducting the tests before resuming the classes,enable
"It was followed by a series of attempts to derail trains on the Erode-Coimbatore section , by placing boulders on the track .",a series of attempts to derail trains on the Erode-Coimbatore section,boulders,prevent
Taxi operators marching in protest against the government 's taxi recapitalisation scheme reached the Union Buildings in Pretoria on Friday .,Taxi operators,reached the Union Buildings in Pretoria on Friday,cause
"Among individual companies, Amazon edged up 0.1 percent after announcing it would acquire the storied MGM studios for $8.45 billion, giving the US tech giant a vast library to further its ambitions in streaming.",Amazon,MGM studios,intend
"Led by A Sagayamadha , an office-bearer of the All India Farm Workers Association , the villagers , including a large number of women from the panchayat comprising six villages , staged the protest urging the district administration to immediately disconnect the illegal water connections and ensure uninterrupted water supply to them .",villagers,district administration,cause
"The court complex turned into a battle zone as the rampaging advocates targeted journalists , particularly electronic media crew , who had gathered to cover the appearance of mining baron G Janardhana Reddy before a court in an illegal mining case .",N/A,N/A,N/A
Recent years have seen radicals with links to Xinjiang use vehicles to carry out a series of terror attacks in China including a May 2014 market bombing in the capital Urumqi and an attack in Beijing ’ s Tiananmen Square in October 2013 .,radicals with links to Xinjiang,Series of terror attacks in China,cause
"The BJP also held a protest and urged voters to reject the Congress "" for taking anti-people decisions .",The BJP,the Congress,prevent
This provides the perfect conditions for the bacteria to thrive and cause inflammation-causing toxins that are known to spread throughout the rest of the body.,bacteria,inflammation-causing toxins,cause
"July 26 : A day later , it was Ahmedabad 's turn as 29 people were killed and over 100 hurt as 16 bombs went off in a space of 90 minutes .",16 bombs went off in a space of 90 minutes,29 people were killed and over 100 hurt,cause
"May 08 , 2010 00:00 IST Over 470 pourakarmikas are agitating for release of wages",pourakarmikas,release of wages,cause
"In the past two months the nation's 88 junk funds have lost a total of about $6 billion -- more than 15% of assets -- through sales or transfers of junk-fund shares, Dalbar says. ",the nation's 88 junk funds,total of about $6 billion,lose
"Amid high drama , the police whisked away the legislator on the night of June 18 when he had climbed on the water tank atop the college building after parents of the students and local people had gathered in front of the college building and pelted stones .",police,legislator,prevent
More than a thousand workers downed tools at 7am on Wednesday after talks with management failed on Tuesday .,workers,tools,prevent
"AAP workers had yesterday gathered outside the party office at Rishi Nagar here and expressed their resentment and raised slogans against the party and its leaders for allotting ticket to Khayalia , who was recently inducted into the party .",AAP workers,allotting ticket to Khayalia,prevent
"Brothers Kobus , Wilhelm and Johan Pretorius , Herman van Rooyen and Rudi Gouws -- who made up the Boeremag 's bomb squad -- were also convicted of murdering Soweto mother Claudia Mokone with a home-made bomb and of trying to murder former president Nelson Mandela .","Brothers Kobus, Wilhelm and Johan Pretorius, Herman van Rooyen and Rudi Gouws",Soweto mother Claudia Mokone,cause
The protesters were taken into police custody when they started picketing vehicles passing through the State Bank circle .,protesters,police custody,prevent
Three more alleged terrorists were shot last month after reportedly setting upon civilians with machetes .,alleged terrorists,civilians,cause
"Protesters pushed through police barriers in an attempt to enter the buildings , but to no avail .",Protesters,police barriers,prevent
"The march descended into chaos , with police firing teargas and masked men attacking protesters at a train station after the march .",police,protesters,prevent
"Guo , who has Australian citizenship , was taken away by police in Beijing shortly after the publication of an interview in which he described participating in 1989 's pro-democracy protests in Tiananmen Square and discussed a work he had created commemorating the bloody crackdown .",police,Guo,prevent
"Tirupur : Telecom employees stage protest June 22 , 2015 00:00 IST Alleging that the deficiencies in operational infrastructure and staff shortage in telephone exchanges in Tirupur and nearby areas are not getting addressed , the BSNL Employees Union members staged an agitation here .",deficiencies in operational infrastructure and staff shortage in telephone exchanges,BSNL Employees Union members,prevent
"KARIMNAGAR : TDP rasta roko against fuel price hike June 28 , 2010 00:00 IST The TDP district unit leaders staged a rasta roko in front of the RTC bus station complex here on Sunday in protest against the fuel price hike .",TDP district unit leaders,fuel price hike,prevent
The station house officer of the Farah police station Santosh Yadav and the Superintendent of Police ( City ) Mathura Mukul Dwivedi were killed when activists of Swadheen Bharat Subhash Sena ( SBSS ) opened fire at the police party that attempted to evict it from Jawahar Park late on Thursday evening .,activists of Swadheen Bharat Subhash Sena (SBSS),The station house officer of the Farah police station Santosh Yadav and the Superintendent of Police (City) Mathura Mukul Dwivedi,cause
"Hong Kong ’ s hospital authority said 17 people had been hospitalised following the clashes , including two who were in serious condition .",hospital authority,17 people,cause
"OU counselling Osmania University has rescheduled the counselling for the postgraduate courses , which was to start on Monday , due to the TDP bandh .",Osmania University,counselling for the postgraduate courses,prevent
"The court found Shahzad guilty of murder , attempt to murder , obstructing and assaulting public servants and grievously injuring the police officers to deter them from performing their duty .",The court,Shahzad,found guilty
The rallies are the latest manifestation of growing fears that China is stamping down on the city ’ s freedoms and culture with the help of the finance hub ’ s pro-Beijing leaders .,China is stamping down on the city's freedoms and culture with the help of the finance hub's pro-Beijing leaders,The rallies,cause
`` This strike is causing huge disruptions and all because of a one percent wage increase .,This strike,huge disruptions,cause
"﻿Nagamarapalli Fans Ransack BJP Office 22nd March 2014 08:43 AM The surprise choice of Bhagwant Khuba by the BJP as its candidate for Bidar Lok Sabha constituency , leaving out the favourite father-son duo of Gurupadappa Nagamarapalli and his son Suryakant Nagamarapalli , has drawn a strong backlash in the district .",Bhagwant Khuba,strong backlash in the district,cause
"Protesting workers from petrol stations , car dealers and panel beaters warned their employers on Tuesday to prepare for a long battle in their campaign for better wages and allowances .","Protesting workers from petrol stations, car dealers and panel beaters",employers,intend
"On Friday, Intel began notifying customers about the bugs which cause the chip to give wrong answers for some mathematical calculations.    ",bugs,chip,cause
"MGM Grand Inc. has agreed to pay $93 million and nearly 1.8 million common shares to buy 117 acres of land along the Las Vegas, Nev., Strip as a site for its planned movie-studio and theme-park resort.    ",MGM Grand Inc.,"117 acres of land along the Las Vegas, Nev., Strip",intend
"When the Opposition was raising the pitch in the House to pin down the government , a palm climber outsmarted them in terms of more punch and novelty , as he climbed a coconut tree in the sprawling Assembly compound to highlight his protest with slogan shouts over denial of benefits from an assigned welfare fund to his ilk and abject neglect on other issues .",Opposition,government,cause
"Up until midnight police were far more restrained with their use of force , having been criticised for their actions against protesters at a smaller protest on 12 June , when they fired 150 rounds of teargas and rubber bullets , and videos of police beating and pepper-spraying unarmed protesters circulated over the internet .",police,actions against protesters,prevent
Post offices wore a deserted look as members of the National Federation of Postal Employees and many other associations did not turn up for duty .,members of the National Federation of Postal Employees and many other associations,Post offices,prevent
"TAMIL NADU Police denies permission for fast April 01 , 2006 00:00 IST Staff Reporter UDUMALPET : The announcement of candidates for Udumalpet constituency by the ruling All India Anna Dravida Munnetra Kazhagam and the opposition Dravida Munnetra Kazhagam drew protest from a section of partymen .",TAMIL NADU Police,denies permission for fast,prevent
"The people who disrupted a funeral address by President Thabo Mbeki on Saturday will be barred from ever attending another ANC meeting if they can be identified , the party 's secretary general Kgalema Motlanthe said on Sunday .",people disrupted a funeral address by President Thabo Mbeki,will be barred from ever attending another ANC meeting if they can be identified,prevent
"﻿As the city enters its ninth consecutive week of protests , the movement shows few signs of abating , as public anger at the government spreads to more parts of Hong Kong society .",movement,public anger at the government,enable
"Two Maoists were killed when police returned fire , he said .",Two Maoists,police,prevent
"- Indian Express Express News Service , Express News Service : Chandigarh , Fri Jul 01 2011 , 03:05 hrs The Chandigarh unit of Bahujan Samaj Party held a protest at the rally ground in Sector 25 against the rising prices of cooking gas , petrol , diesel , etc. The protest is part of a nationwide campaign of the party on the issue .",Chandigarh unit of Bahujan Samaj Party,"rising prices of cooking gas, petrol, diesel, etc.",cause
"Japan's unemployment rate fell below 5 per cent for the first time in a year in January, according to data released on Tuesday, as strong exports fed into a strengthening economic recovery.",Japan's unemployment rate,fell below 5 per cent for the first time in a year in January,cause
"More than 400,000 people joined a pro-democracy march on the streets of Hong Kong on Sunday afternoon , amid anger over an extradition bill and violent police tactics aimed at protesters .",anger,pro-democracy march,cause
The Supreme Court statement was issued as Prime Minister Pedro Sanchez's government was gearing up to grant a pardon to the separatists as a way of advancing talks over the Catalan separatist crisis.,Prime Minister Pedro Sanchez's government,grant a pardon to the separatists,intend
"The gross proceeds from the sale of the notes, which will be due on Nov. 1, 2004, will be used to reduce existing debt and for general corporate purposes, the company said. ",company,gross proceeds from the sale of the notes,enable
"Seven people were killed and 55 , including minor children , injured in two bicycle-bomb blasts in Nalbari , headquarters town of lower Assam ’ s Nalbari district on Sunday morning .","Seven people were killed and 55 , including minor children , injured in two bicycle-bomb blasts","Nalbari , headquarters town of lower Assam ’ s Nalbari district",cause
"Meanwhile , the four-day bandh call given by Maoists in Malkangiri and adjoining Koraput district demanding halt to police action and alleged atrocity against tribals had entered the third today affecting normal life in Maoist hinterlands including Padia , Kalimela and Motu areas .",Maoists,"normal life in Maoist hinterlands including Padia, Kalimela and Motu areas",prevent
"Delhi BJP Protests Against Power Tariff Hike 01st February 2014 02:07 PM Criticising the Delhi government for its failure to check power tariff hike , the Bharatiya Janata Party ( BJP ) Saturday protested against the hike in the national capital .",Delhi BJP,Power Tariff Hike,prevent
"July 12 , 2009 : Three separate attacks in Rajnandgaon district of Chhattisgarh claim the lives of 30 security personnel .",Three separate attacks in Rajnandgaon district of Chhattisgarh,the lives of 30 security personnel,cause
"The fresh clash came a day after over 22 people , including five media men and 11 security personnel with an officer among them , were injured last night when students agitating over creation of a separate Telangana hurled stones at them on the Osmania University campus prompting them to use force to quell the mob .",students agitating over creation of a separate Telangana,clash,cause
"The strike , under the aegis of The AP Junior Doctors Association , Gandhi General Hospital unit , would be intensified if their demands were not met , the protesting doctors threatened .",N/A,N/A,N/A
But NATO members remain reluctant to embrace Ukraine as they want to avoid ratcheting up tensions with Russia.,NATO members,embrace Ukraine,prevent
"The company had further offered a once-off hardship allowance of R2000 to help workers deal with financial difficulties arising from the no-work , no-pay principle in place while they were striking .",company,workers,enable
"KARNATAKA Protest against permitting bar in residential area July 03 , 2008 00:00 IST Up in arms :",Protest against permitting bar in residential area,Up in arms,cause
Medicos ' Stir Hits GGH Services 04th January 2012 02:56 AM GUNTUR : The ongoing strike of PG medical students of the Government General Hospital ( GGH ) has hit medical services badly .,strike of PG medical students of the Government General Hospital ( GGH ),medical services,cause
Six protesters were injured in the firing .,Six protesters,the firing,cause
"OTHER STATES Seeking their due February 23 , 2010 00:00 IST A A A IN AGITATION MODE : Members of the ’ Pramila Devi Mahila Kalyan Sangha ’ demonstrating in front of the RDC office in Berhampur on Monday against ‘ failure ’ of implementation of NREGA in parts of Ganjam district and non-inclusion of some BPL families in the BPL list .",Members of the ’ Pramila Devi Mahila Kalyan Sangha ’,failure of implementation of NREGA in parts of Ganjam district and non-inclusion of some BPL families in the BPL list,cause
"Analysts greeted reports that Senate Republicans plan to lift their infrastructure package to $1 trillion, bringing them somewhat closer to President Joe Biden's latest offer costing $1.7 trillion.",Senate Republicans,infrastructure package,enable
"On Monday , around half-a-dozen state roadways buses , a police motorcycle and several private vehicles were damaged by the youths who had gone on a rampage during a protest at the UPPSC office .",youths,"half-a-dozen state roadways buses, police motorcycle, private vehicles",cause
"Following the Shani temple stir , Muslim women too on Thursday staged a protest demanding entry into a restricted area of the Haji Ali dargah .",Muslim women,entry into a restricted area of the Haji Ali dargah,cause
"In a related development at Salem in Tamil Nadu , a 26 year-old man attempted self-immolation protesting against Rajapaksa ' visit .",a 26 year-old man,self-immolation,intend
The attacks resulted in over 250 deaths and injuries to more than 700 people .,attacks,over 250 deaths and injuries to more than 700 people,cause
Police officers arrived on the spot and promised action and convinced Jaya to stop the protest .,Police officers,Jaya,convince
"TAMIL NADU BJP cadres stage stir October 18 , 2007 00:00 IST TIRUCHI : The cadres of the Bharathiya Janata on Wednesday staged a demonstration at Puthur in the city condemning reservation on communal lines .",cadres of the Bharathiya Janata,reservation on communal lines,condemn
"Ocean Drilling amp Exploration Co. will sell its contract-drilling business, and took a $50.9 million loss from discontinued operations in the third quarter because of the planned sale.    ",Ocean Drilling & Exploration Co.,contract-drilling business,enable
"Police use tear gas to control communal clash at Mirzapur - Indian Express Express News Service , Express News Service : Ahmedabad , Tue Sep 15 2009 , 01:09 hrs The city police had to resort to tear gas shelling after a communal violence broke out near St Xavier 's High School in the Mirzapur area of Ahmedabad late on Sunday .",city police,communal clash at Mirzapur,prevent
This was after the Student Representative Council and management clashed over how to deal with rising student debt .,Student Representative Council and management,how to deal with rising student debt,clash
"They are : 1 ) East Fort - Eanchakkal - Bypass - Kazhakoottam - Pothencode - Venjarammoodu - Vembayam - Palayam - East Fort Three VSDP activists were held by the police for attempting to disrupt the flag off function of Rajadhani , the ring road service of KSRTC .",Three VSDP activists,the flag off function of Rajadhani,prevent
A former state minister was also booked for inciting violence .,former state minister,violence,inciting
"The stadium is one of a growing list of venues across Melbourne visited by positive cases, leaving state health officials rushing to test and trace across the city of five million, which endured a devastating four-month lockdown after an outbreak last year.",positive cases,state health officials,cause
Analysts say the mainland public has taken to such protests because they lack adequate channels to express their concerns about environmental risks posed by massive industrial projects .,mainland public,protests,enable
Traders pulled down their shutters to join the statewide agitation to oppose the State Government 's move to amend the APMC Act on Friday .,Traders,the statewide agitation to oppose the State Government's move to amend the APMC Act,cause
"The Google.cn filter, which returns censored search results, was created after the original form of the U.S. - based search engine was routinely slowed or blocked by China's Internet controls.",original form of the U.S. - based search engine,Google.cn filter,enable
"Engg students demand uniform rule on ATKT Posted : Fri Jan 15 1999 IST MUMBAI , JANUARY 14 : Engineering students held a demonstration at the University of Mumbai campus at Fort on Wednesday , demanding that they be allowed to keep term grant for the year .",Engineering students,demonstration,cause
Fasting Jagan denied mulakats 27th August 2013 11:23 AM The indefinite fast of YSR Congress chief YS Jaganmohan Reddy in protest against state division continued on the second day on Monday .,YS Jaganmohan Reddy,state division,protest
"The Centre has decided to hold tripartite talks with the United Naga Council ( UNC ) and the Manipur government to end the ongoing blockade of two national highways in Manipur , which has disrupted normal life and led to a shortage of essential commodities in the State .",Centre,ongoing blockade of two national highways in Manipur,intend
The clash left at least three students injured .,clash,three students,cause
"Three killed in Maoist attack in Jharkhand - Indian Express Agencies , Agencies : Chatra ( Jharkhand ) , Tue Oct 20 2009 , 09:41 hrs Three persons , including the head of a naxal outfit , were killed and six others critically injured when Maoists attacked at Rajpur in the district in the wee hours on Tuesday .",Maoists,"Three persons, including the head of a naxal outfit",cause
Passengers stranded as buses go off road,Buses,Passengers,cause
The combined operations  are designed  to isolate and strangleIraq until it retreats from Kuwait.,combined operations,Iraq,prevent
LIN Broadcasting surged 4 5/8 to 112 5/8; LIN and BellSouth sweetened their merger agreement in an attempt to keep shareholders from tendering their shares to McCaw Cellular Communications.,LIN and BellSouth,shareholders,prevent
Two civilians also received gun shot wounds in the firing .,Two civilians,gun shot wounds,cause
"Vijayan was speaking at a protest meeting against the report , convened by the party at nearby Kodencherry in the district .",Vijayan,protest meeting,cause
"Over 100 people , including the city magistrate Ram Araj Yadav , were also injured in the clash that lasted for almost four hours .",clash,"Over 100 people, including the city magistrate Ram Araj Yadav",cause
"Family of the student who went missing from JNU , Najeeb , and victims of caste atrocities in Una , Gujarat , Piyush Sarvaiya , Ramesh Sarvaiya and Jeetu Sarvaiya , also attended the event to offer solidarity .",attended,event,enable
"Maimane said the actions of the over 20,000 students who protested against the injustice of the education system and Afrikaans being imposed as the language of instruction on June 16 , 1976 `` changed the course of our history '' .","actions of the over 20,000 students who protested against the injustice of the education system and Afrikaans being imposed as the language of instruction on June 16, 1976",our history,cause
"PANAJI : Differently-abled persons stage dharna June 02 , 2011 00:00 IST Disability Rights Association of Goa ( DRAG ) held a candle light dharna of differently-abled persons on Monday at Azad Maidan in the city to highlight negligence by the State government .",Differently-abled persons,Negligence by the State government,cause
The country has lifted nearly all virus-related restrictions and many Russians are refusing to wear masks on public transport and in other public places.,country has lifted nearly all virus-related restrictions,many Russians,prevent
"`` In recent weeks , residents invaded land in the area and to curb the mushrooming of structures on the land , the municipality obtained a court order to remove the land invaders .",residents invaded land in the area,the municipality obtained a court order to remove the land invaders,prevent
"Concerned that this new policy would reduce their children ’ s chances of getting into university , they marched in the streets to protest .",Concerned parents,their children's chances of getting into university,prevent
"They exclude revisions made by other statistical organisations, which show that the number of deaths is much higher.",They,revisions made by other statistical organisations,exclude
"Four persons from Bihar , who attempted to derail a goods train near Erode were booked under the National Security Act in this case .",Four persons from Bihar,goods train,prevent
"The much-anticipated trouble began in the morning when a group of advocates , who assembled near the Aavin entrance of the High Court campus , staged a protest and attempted to block the NSC Bose Road .",group of advocates,trouble,cause
"Addressing a mammoth rally in memory of the Youth Congress supporters killed by the police at a protest rally on this day 16 years ago as well as to celebrate the victory in the Lok Sabha elections , Ms. Banerjee said : “ The Trinamool Congress is no more a mere opposition party in State politics .",Ms. Banerjee,The Trinamool Congress,intend
"But, he said football was helping keep people at home as University of Alabama fans cheered on their team in the National Championship Game against the University of Texas.",football,keep people at home,enable
"After firing , Chandrababu , Left gun for YSR - Indian Express Express News Service , Express News Service : HYDERABAD / KHAMMAM , JULY 29 , Sun Jul 29 2007 , 23:47 hrs The embers left by Saturday 's police firing which killed six Left activists agitating for land are unlikely to die soon .",police firing,embers left by Saturday's police firing,cause
"The party workers burnt posters of AAP leaders Manish Sisodia , Yogendra Yadav and Kejriwal after the party had earlier in the day announced a second list of 30 candidates for the general elections .",Party workers,"Posters of AAP leaders Manish Sisodia, Yogendra Yadav and Kejriwal",cause
"Irked over the arrests , the protestors staged dharna .",the protestors,dharna,cause
"I saw university students taking part in social movements and how universities are a place where there is the value of common governance by both teachers and students Lau Tsz-kei He said his political awakening came in 2012 , when he took part in a protest against compulsory national education for public schools , intended to strengthen “ national identity awareness ” and nurture patriotism towards China .",Lau Tsz-kei,protest against compulsory national education for public schools,intend
"They gathered in the morning ahead of the start of the Congress of SA Trade Unions ' ( Cosatu ) central executive committee ( CEC ) meeting , where the National Union Metalworkers of SA ( Numsa ) was expected to defend itself against plans to expel it from the trade union federation .",National Union Metalworkers of SA (Numsa),plans to expel it from the trade union federation,prevent
"Tshukudu was allegedly shot dead by Jaco du Plooy , 46 , on October 10 while he was diverting traffic on the R52 leading to Sannieshof to avoid protests further down the road .",Tshukudu,shot dead,cause
"KARNATAKA Communal clash in Mysore jail February 02 , 2008 00:00 IST Staff Correspondent MYSORE : Tension prevailed in Mysore Central Jail on Friday evening after a communal clash broke out between inmates .",communal clash broke out between inmates,Tension,cause
"Militants made a dramatic appearance in Koker Bazar area of Lal Chowk and fired a volley of shots on CRPF personnel patrolling the area , injuring two of them , police said .",Militants,CRPF personnel,cause
"""But the minute there's a new international arrest warrant from Italy, which was approved by the Supreme Federal Court of Brazil, the Brazilian federal police can no longer order the expulsion"" he explained.",new international arrest warrant from Italy,Brazilian federal police,prevent
Yousuf Staff Reporter Forced to look for alternative transport due to cab operators ’ strike ; autorickshaws too join stir today HYDERABAD : It was an altogether different day for employees working in the IT and BPO companies on Thursday .,Yousuf Staff Reporter,alternative transport,cause
"The Zilla Parishad vice-chairman Pandari , of CPI , staged a sit-in protest during the meeting resenting alleged violation of protocol .",Pandari of CPI,violation of protocol,prevent
"The TAC and a group of Khayelitsha residents , some of them HIV-positive , are seeking the reinstatement of the workers fired on June 11 after allegedly participating in the public service strike .",TAC and a group of Khayelitsha residents,the reinstatement of the workers fired on June 11,cause
The president also has offered  to help offsetJordan's costs because 40 percent of its exports go to Iraq and 90percent of its oil comes from there.,president,offset Jordan's costs,enable
"In developing the concept for Future, Aptar's experts turned to recognized eco-design principles, which call for plastic dispensing products to be made from a mono-material to facilitate the recycling process.",Aptar's experts,plastic dispensing products,enable
"A group of protesters pelted the police with stones , after the police dispersed them from blocking the road linking Brits and Letlhabile .",group of protesters,police,cause
Heavy police presence was seen in the area due to the protest .,Heavy police presence,the protest,cause
"Earlier , Sikhs began gathering at the Takht premises as early as 9 am and heads of various organisations met the Takht jathedars , demanding "" severe action "" against the Dera chief .",Sikhs,"demanding ""severe action"" against the Dera chief",cause
"September 04 , 2014 00:00 IST Officials promise to supply water in tankers Women took to streets carrying pots in protest against erratic supply of drinking water at Kelamagalam in Udhanapalli on Wednesday .",Officials promise to supply water in tankers,Women took to streets carrying pots,cause
Students declare that they cannot continue agitation as they have to concentrate on exams,Students,agitation,prevent
"No business Correspondent from Hubli reports Agriculutre Produce Market Committees ( APMC ) across the districts of Dharwad , Haveri and Gadag did n't do any business on Friday as the merchants and brokers kept their shops closed as part of the APMC bandh .",merchants and brokers,APMC bandh,prevent
President Bush's political argument for going to a groundwar has been strengthened by the growing stream of reports ofwanton Iraqi destruction inside Kuwait.,President Bush's political argument for going to a groundwar,the growing stream of reports of wanton Iraqi destruction inside Kuwait,strengthen
Ralston said its Eveready battery unit  was hurt by continuing economic problems in South America.,Eveready battery unit,continuing economic problems in South America,hurt
"PUBLISHED : Friday , 30 June , 2000 , 12:00am IN THE RUN-UP TO tomorrow 's third anniversary of the return to Chinese sovereignty , sporadic calls for the downfall of Chief Executive Tung Chee-hwa emerged in a rally by flat owners whose properties have become negative assets , following the massive slump in flat prices .",sporadic calls for the downfall of Chief Executive Tung Chee-hwa emerged in a rally by flat owners whose properties have become negative assets,the return to Chinese sovereignty,intend
Bush's chief objective in his meeting with Hussein was to pressthe king  to shut down Iraq's food and oil supply route from Aqabaon the Red Sea.,Bush's chief objective in his meeting with Hussein,the king to shut down Iraq's food and oil supply route from Aqaba on the Red Sea,intend
"The State alleged they hacked Sabata Petros Chale , 39 , to death in Marikana West , on December 8 , 2016 , allegedly over the allocation of low cost ( RDP ) houses at Marikana West Extension 2 .",State alleged they hacked Sabata Petros Chale,Sabata Petros Chale,cause
"January 26 : CPI-Maoist cadres shot dead three persons , accusing them of being police spies , at Borlagunda village in Andhra Pradesh 's Karimnagar district .",CPI-Maoist cadres,three persons,prevent
Lee said her hunger strike would continue until the government instituted a stronger official response to Occupy Central and recent “ radical ” protests at Legco .,Lee,hunger strike,intend
"Since hitting a record 5.6 per cent in July last year, Japan's jobless rate has been falling steadily after it launched an emergency programme to create 100,000 jobs in October to ease the worsening social effects of high unemployment.",Japan's jobless rate,falling steadily,cause.
"2 held over poisoning threat to Tung PUBLISHED : Wednesday , 03 October , 2001 , 12:00am Donald Tsang Donald Tsang A couple suspected of sending a letter addressed to Chief Executive Tung Chee-hwa threatening to poison his food and drink and that of his two top officials were arrested in Central yesterday .",couple,Chief Executive Tung Chee-hwa threatening to poison his food and drink and that of his two top officials,threaten
"Tribal Affairs Minister V Kishore Chandra Deo today dubbed anti-Maoist militia Salwa Judum as a "" sinful strategy "" , bringing to the fore apparent differences in Congress over the approach to Maoists who last week wiped out party leadership in Chhattisgarh in a deadly attack .",V Kishore Chandra Deo,anti-Maoist militia Salwa Judum,describe
"More than 30 DAB and Civil Force members demonstrated for stricter legislation and prosecutions for driving under the influence of drugs , as Chief Secretary Henry Tang Ying-yen took part in a prize-giving at a dragon boat race in Sha Tin .",DAB and Civil Force members,legislation and prosecutions for driving under the influence of drugs,intend
"While the staff employees sported black badges from May 15 -17 , they are now poised to stage a work-to-rule agitation from May 23 and the entire lot will take mass casual leave on May 25 to highlight their demands .",staff employees,stage a work-to-rule agitation,intend
"KARNATAKA Protest by ABVP July 30 , 2008 00:00 IST BANGALORE : The activists of the Bangalore unit of the Akhil Bharatiya Vidyarthi Parishad on Tuesday staged a protest at the Anand Rao Circle here condemning the serial bomb blasts in Bangalore and Gujarat .",activists of the Bangalore unit of the Akhil Bharatiya Vidyarthi Parishad,serial bomb blasts in Bangalore and Gujarat,prevent
"Another restaurant owner , Clara Li , said owners wanted to take their protest further , but had not yet settled on a plan to do so if their demands were not met after yesterday 's protest .",owners,their protest,intend
12th April 2012 07:01 AM Police removing VSDP workers who tried to disrupt the flag off function of Rajadhani ring road service in the city on Wednesday,Police,VSDP workers,prevent
The Minister said he had spoken to Chief Minister Oommen Chandy after the murder and demanded that action be taken to end violence in the region .,The Minister,action,intend
"While an official ceremony took place at the Hong Kong Convention and Exhibition Centre to mark the 22nd anniversary of the return of sovereignty from Britain to China , tensions spiked once more in the financial hub after hundreds of mainly young , masked protesters mostly in black wearing hard hats and goggles seized three key thoroughfares , some deploying metal and plastic barriers to block the way .",tensions,"hundreds of mainly young, masked protesters mostly in black wearing hard hats and goggles",cause
"Apart from students and teachers of Jawaharlal Nehru University , many residents too gathered here after hearing about the protest on news channels .",many residents,gathered here,cause
"Moreover, the price volatility that is amplified by program trading is undercutting efforts to woo individual investors back to an OTC market that sorely misses them.    ",price volatility that is amplified by program trading,efforts to woo individual investors back to an OTC market,undercutting
"Police were keeping watch on Princess informal settlement in Roodepoort on the West Rand on Monday , following protests there last week .",Police,protests,prevent
"Irate cab drivers also damaged three vehicles at Tarnaka , Habsiguda , Chandrayangutta and Shamshabad airport early on Thursday for ferrying passengers .",cab drivers,"three vehicles at Tarnaka, Habsiguda, Chandrayangutta, and Shamshabad airport",cause
"Maids protest over suspension of levy PUBLISHED : Monday , 28 July , 2008 , 12:00am About 1,000 foreign domestic helpers yesterday protested against the temporary suspension of the employers ' levy , saying it had threatened their livelihoods , and called for permanent abolition of the tax .",foreign domestic helpers,suspension of the employers' levy,prevent
"A Bagathkhan , district president of SFI , Theni , who conducted an inquiry into the incident , said the scholarship amount was delayed because the headmistress had not processed the student ’ s application on time .","Bagathkhan, district president of SFI, Theni",scholarship amount,cause
"Tokyo claims the islands, which it calls the Northern Territories, and the dispute has prevented the two countries from signing a formal peace treaty since World War II.",Tokyo,the two countries from signing a formal peace treaty since World War II,prevent
"TIRUNELVELI : Relay fast begins in support of Kudankulam protesters June 09 , 2012 00:00 IST Expressing solidarity with anti-Kudankulam Nuclear Power Project protestors , now observing a relay fast at Idinthakarai , a section of the residents of neighbouring Kooththenkuzhi commenced a similar agitation on Friday .",residents of neighbouring Kooththenkuzhi,a similar agitation,cause
"While earlier it was the turn of Telangana Rashtra Samithi ( TRS ) to participate in protests in support to farmers , on Monday it was the Telugu Desam .",Telangana Rashtra Samithi (TRS),protests in support to farmers,cause
April 8 : Nine persons were killed and two others injured when CPI-Maoist cadres fired on a vehicle and subsequently set it ablaze at Semra in Gumla district of Jharkhand .,CPI-Maoist cadres,Nine persons,cause
"For instance , a few years ago , MNS workers disrupted a railway recruitment examination because some candidates were non-Marathis .",MNS workers,railway recruitment examination,prevent
Courtaulds PLC announced plans to spin off its textiles operations to existing shareholders in a restructuring to boost shareholder value.,Courtaulds PLC,its textiles operations,enable
"As many as 150 members of the U.N. mission in Haiti remained unaccounted for Wednesday afternoon following an earthquake that inflicted massive damage on the Caribbean nation's capital, U.N. officials said Wednesday.",earthquake,150 members of the U.N. mission in Haiti,cause
"In the past two months the nation's 88 junk funds have lost a total of about $6 billion -- more than 15% of assets -- through sales or transfers of junk-fund shares, Dalbar says. ",the nation's 88 junk funds,$6 billion,lost
"Jail Superintendent Veerabhadra Swamy told presspersons that the trouble broke out after a few inmates , who were praying outside a place of worship in the jail , took serious exception to the disturbance being caused by some inmates belonging to a different faith .",trouble broke out,inmates belonging to a different faith,cause
About 100 health workers picketed at Durban 's Addington Hospital on Friday about the fact that the hospital 's two radio therapy machines were left idle for five months .,health workers picketed at Durban's Addington Hospital,hospital's two radio therapy machines,prevent
"The IEC in the Eastern Cape has overcome road blocks , intimidation and missing ballot papers for its 4165 voting stations to be running smoothly , it said on Wednesday .",IEC in the Eastern Cape,"road blocks, intimidation, missing ballot papers",enable
"About a hundred Maoists blew up part of a power sub-station in Naxal-dominated Jamui district , affecting power supply in the area .",Maoists,part of a power sub-station,cause
"Zikalala said that following stakeholder meetings on Sunday and Monday morning , all parties decided that the police would establish a rapid response team to attend to the attacks .",all parties,rapid response team to attend to the attacks,intend
"The Arya Samaj activists placed the body of 40 - year-old Promila on Rohtak-Jhajjar road near Satlok Ashram and refused to disperse till their leaders , arrested in connection with Sunday ’ s clash were released .",Arya Samaj activists,body of 40 - year-old Promila,enable
His supporters chanted and waved placards calling for state agencies not to be used in political matters .,His supporters,state agencies,prevent
"Max Chung , who helped organise the rally on Saturday , said he believed residents had shown their resolve : “ Hongkongers have stiffened their backs to say no to authoritarianism . ”",Max Chung,residents,believe
"December 01 , 2010 00:00 IST A large number of CPI activists took out a procession in protest against the Centre 's failure to contain prices of essential commodities and also against the land scams reported in the State .",CPI activists,procession,cause
"As many as 59 recruits who had graduated from different colleges of the State came together for the fourth time to demand answers from HCL Technologies , the company that had recruited them in 2011 .",59 recruits who had graduated from different colleges of the State,HCL Technologies,demand
"Fight against FDI to go on : Oppn - Indian Express Agencies , Agencies : New Delhi , Wed Dec 12 2012 , 19:55 hrs Taking its protest against FDI to the streets , opposition parties today said their fight will go on till they ensure that it is scrapped altogether .",opposition parties,FDI,prevent
The protest continued in the Assembly where the members raised slogans disrupting proceedings for 10 minutes while the party members staged a walk out from the Legislative Council in protest against the government 's failure to announce a definite action plan to protect the State 's share of river water .,members raised slogans disrupting proceedings for 10 minutes while party members staged a walk out from the Legislative Council in protest against the government's failure to announce a definite action plan to protect the State's share of river water,The protest,cause
"The Temenos Banking Cloud is powered by an Explainable AI engine with advanced data analytics, so banks can test, report and measure product performance, and gain insight to support business decisions and product design.",Temenos Banking Cloud,banks,enable
"Earthlife activists marched to Anglo 's offices in the Johannesburg CBD against the company 's planned coal mine and power station in Waterberg , Limpopo .",Earthlife activists,Anglo's offices,prevent
"However , he called off the fast after getting a call from the Chiranjeevi ’ s camp in East Godavari district .",he,the fast,prevent
"A section of Jet technicians started a ' symbolic ' protest by wearing black bands last Friday to protest the "" management 's proposed move to freeze wage hike over the next 2 -3 years "" , sources among the agitators said here .",Jet technicians,management's proposed move to freeze wage hike over the next 2-3 years,prevent
"He is facing charges of violating a court order , public violence , assault , theft , and damage to property during the 2016 protest against `` colonised '' tertiary education .",He,"charges of violating a court order, public violence, assault, theft, and damage to property",face
Andhra Bifurcation : Mixed Response for Seemandhra Bandh 07th December 2013 03:28 PM The two-day bandh call given by the pro-United Andhra Pradesh groups against the Cabinet 's nod for draft bill for bifurcation of the state has evoked a mixed response in the coastal Andhra and Rayalaseema regions on the second day today .,pro-United Andhra Pradesh groups,mixed response in the coastal Andhra and Rayalaseema regions,cause
"Irked over this move , Venkat Prasad launched a hunger strike along with the other aspirants .",Venkat Prasad,hunger strike along with the other aspirants,cause
"General Motors, Ford's main competitor in the US market, pledged in January to stop making diesel- or gasoline-powered cars.",General Motors,stop making diesel- or gasoline-powered cars,prevent
"Dissatisfied with the package , workers staged an all-nigh sit-in .",workers,an all-night sit-in,cause
"The sale, at a higher price than some analysts had expected, helps the food and tobacco giant raise funds to pay debt and boosts Nestle's 7% share of the U.S. candy market to about 12%.    ",sale,helps the food and tobacco giant raise funds to pay debt and boosts Nestle's 7% share of the U.S. candy market to about 12%,enable
"Though Mr. Packer has since sold his stake, Courtaulds is moving to keep its institutional shareholders happy. ",Courtaulds,its institutional shareholders happy,enable
The arrest of Mr. Chandrashekhar follows violent incidents in the district last month set off by the torching of Dalit homes by upper caste Thakurs and the death of a member of the Thakur community during clashes on May 5 in Shabbirpur village .,torching of Dalit homes by upper caste Thakurs and death of a member of the Thakur community during clashes on May 5 in Shabbirpur village,arrest of Mr. Chandrashekhar,cause
"As hundreds of employees from the city went to Vizianagaram to take part in the last rites of N. Venkatesh , 28 , an assistant in the administration department of the corporation , who committed suicide on railway tracks to protest against the Centre ’ s decision on strategic stake sale of DCI , an all-union meeting convened by the CITU resolved to organise demonstrations in front of all industrial establishments located in the city on Wednesday .",N. Venkatesh,Last rites,cause
Since last week students have been protesting against a proposed increase in tuition fees and the merger of higher education institutions .,students,increase in tuition fees and the merger of higher education institutions,cause
"THRISSUR : Hike in toll rate withdrawn October 03 , 2013 00:00 IST A hike in toll on the Mannuthy-Edappally stretch , effected from Tuesday , was withdrawn on Wednesday following protests .",Hike in toll on the Mannuthy-Edappally stretch,Protests,prevent
"A spokesman said herbicide use in some areas of the U.S. was delayed earlier in the year by heavy rains, thus increasing sales in the third quarter.    ",herbicide use in some areas of the U.S.,sales in the third quarter,enable
NATIONAL Up in arms Longstanding demandPeople from Darjeeling hills staging a protest against the West Bengal government at Jantar Mantar in New Delhi on Sunday demanding a separate Gorkhaland State .,People from Darjeeling hills staging a protest against the West Bengal government at Jantar Mantar in New Delhi on Sunday,Longstanding demand,cause
TN : 2 questioned over Ramajayam murder 02nd April 2012 02:29 AM TIRUNELVELI : Police on Sunday picked up two persons from the Tirunelveli district in connection with the murder of K N Ramajayam and regarding the life threat issued to his brother and former DMK minister K N Nehru on Sunday .,Police,two persons,cause
"﻿In recent years , for instance , many retired military veterans have gathered together across the country in protests against the stingy benefits and pensions they receive from the state .",retired military veterans,protests against the stingy benefits and pensions they receive from the state,cause
"DPC, an investor group led by New York-based Crescott Investment Associates, had itself filed a suit in state court in Los Angeles seeking to nullify the agreement. ","DPC, an investor group led by New York-based Crescott Investment Associates",the agreement,prevent
He was addressing a dharna organised by the Joint Action Committee ( JAC ) of various Telangana outfits demanding scrapping of cases against the students .,He,scrapping of cases against the students,intend
"Those attending the rally on Saturday said they were not there to make political demands , but to speak out against violence .",Those attending the rally on Saturday,to speak out against violence,intend
"As part of the year-long partnership, Oral-B and Scientific American Custom Media are releasing a series of content, including educational resources from leading medical and dental researchers that will help readers better understand the connections between oral health and whole body health.",Oral-B and Scientific American Custom Media,readers,enable
"PSU Insurance employees protest privatisation 23rd November 2011 01:27 AM HYDERABAD : Employees working in the government-owned Life Insurance Corporation of India and the four general insurance companies held lunch-hour protest demonstrations at their offices on Tuesday , opposing moves to liberalise the insurance sector .",Employees working in the government-owned Life Insurance Corporation of India and the four general insurance companies,Privatisation,prevent
"Meanwhile , thousands of members of the local weavers ' community stormed the Dharmavaram town police station for parading some of their members half-naked and insulting them .",local weavers 'community,Dharmavaram town police station,cause
"If you really believe a business issue is interesting, writing a letter to an editor of a newspaper and getting it published is a way of raising your profile.",writing a letter to an editor of a newspaper and getting it published,raising your profile,enable
The mortal remains of the brave soldier will be taken by air to Jind tomorrow as the road traffic is disrupted due to violent protests by Jats who are demanding quota in OBC category .,road traffic is disrupted,The mortal remains of the brave soldier,prevent
"Mandya : Farmers protest as outflow from KRS is increased September 25 , 2015 00:00 IST Even as the water-level in Krishnaraja Sagar , near Srirangapatna , is plummeting steeply , the rate of outflow was increased on Thursday evening .",Farmers,Increased outflow from KRS,cause
The brief trip of 62 - year-old Ashraf to the 13th century shrine hit a sour note following a boycott by the Dargahs spiritual head in protest against the recent brutal killing and beheading of Indian soldiers by the Pakistani Army .,boycott by the Dargahs spiritual head in protest against the recent brutal killing and beheading of Indian soldiers by the Pakistani Army,The brief trip of 62-year-old Ashraf to the 13th-century shrine,prevent
"Aftershocks from the Mount Nyiragongo volcano in eastern DR Congo rattled the nearby city of Goma on Wednesday, four days after its eruption, badly damaging several buildings and prompting hundreds of residents  who are unable to flee.",Aftershocks from the Mount Nyiragongo volcano in eastern DR Congo,the nearby city of Goma,cause
"NAMAKKAL : Power loom workers ’ strike continues May 03 , 2015 00:00 IST With the third round of talks over wage hike failed to yield any results , power loom workers in Pallipalayam continued their indefinite strike for the sixth consecutive day here .",third round of talks over wage hike,yield any results,prevent
""" Based on specific inputs , security forces cordoned off a house and that resulted in an encounter with the militant first opening fire on the security team , "" Kokrajhar police chief P.K. Dutta said .",security forces,encounter with the militant first opening fire on the security team,cause
Other explosions cut railway lines between the sprawling township and Johannesburg .,explosions,railway lines between the sprawling township and Johannesburg,cut
"Mullanchira Mathai was beaten to death on January 16 , 1983 , but lack of witnesses led to the acquittal of 11 CPI(M) activists arraigned in the case .",lack of witnesses,Mullanchira Mathai,prevent
"Following the incident , the labourers went on a dharna and stopped work .",the labourers,work,prevent
"Used as they were to travelling in air-conditioned vehicles with pick-ups and drops at their doorsteps , they were forced to look for alternative transport due to the cab operators ’ strike from Wednesday midnight .",they,look for alternative transport,cause
"If the police drive continues , we will have to go on a strike on Monday , "" Kshirsagar said .",police drive,strike,cause
"PUBLISHED : Thursday , 08 May , 2014 , 5:36pm Robust June 4 turnout spurs organisers to call for more at 30th anniversary",Robust June 4 turnout,organisers,enable
"The hike in toll on the Mannuthy-Edappally stretch was withdrawn following protests by the Youth Congress , the BJP and the DYFI .",hike in toll on the Mannuthy-Edappally stretch,"protests by the Youth Congress, the BJP and the DYFI",prevent
"But this list was accompanied by new demands which France's fisheries ministry has said were not arranged or discussed with Paris, effectively creating new zoning rules for the waters near Jersey.",new demands,waters near Jersey,enable
"” Meanwhile , more than 5,000 oil tanker lorries plying inside Chennai city have planned to support the strike and will stay off the roads from Thursday .","5,000 oil tanker lorries plying inside Chennai city",strike,intend
"The EMA is continuing to evaluate the safety of all four vaccines it has approved for use in the EU, which also includes the ones from BioNTech/Pfizer and Moderna.",EMA,safety of all four vaccines,evaluate
The university had sought an injunction blocking Connaught's board from recommending or supporting an offer for the company by Merieux.,university,Connaught's board,prevent
"Truckers put govt on notice 08th January 2009 03:57 AM CHENNAI : With the national-level truckers ’ strike called by the All-India Motor Transport Congress ( AIMTC ) demanding immediate reduction of diesel prices entering the third day on Wednesday , representatives of the striking truckers have issued an ultimatum to the government to act before Thursday midnight to resolve the issue or face severe consequences .",representatives of the striking truckers,government,prevent
Stiff Protest Against Ulfa for Targeting Hindi-speakers,Stiff Protest,Ulfa for Targeting Hindi-speakers,cause
"Earlier , in a letter to the HRD ministry through NIT administration , the students had demanded hoisting of national flag , action against staff involved in anti-national activities and replacing Jammu and Kashmir Police by CRPF for security of the NIT campus , which has been gripped by tension following clashes in the wake of India 's loss to West Indies in the World T 20 Cup .",students,Tension in NIT campus,cause
All the 417 guards in the suburban section refused to work extra hours in protest .,417 guards in the suburban section,work extra hours,prevent
"Denied Aid , Dalit Boy tries to End Life",Dalit Boy,End Life,intend
"Other mass incidents , such as the widespread demonstrations by truck drivers in June , have been sparked by the fierce economic competition that now characterises life in China .",mass incidents,widespread demonstrations by truck drivers in June,cause
"A sudden deviation from it carries ominous implications , not least because the scale of the outbreak in the UP village was not large enough to warrant such a departure from the norm .",A sudden deviation from it,The scale of the outbreak in the UP village,prevent
Most of the men were said to be on the run following a crackdown by the police after the violence of October 14 .,Most of the men,the violence of October 14,prevent
"Public officials , including Chris Patten , Hong Kong ’ s last governor when it was under British rule , rebuked the government for bringing charges so long after the event .",Public officials,the government,rebuked
City Stinks as Sanitation Staff Strike Continues,Sanitation Staff Strike,City Stinks,cause
China ’ s leaders declared a “ people ’ s war on terror ” in 2014 after a series of attacks that took place or were linked to Xinjiang .,China’s leaders,a “people’s war on terror”,intend
