text,subject,relation,object
"Two days before the attack, local police arrested Tohtunyaz, Ehet and Muhammad as they tried to illegally cross into Vietnam via Honghe county, the court said.",arrested,cause,illegally cross
"26th April 2014 09:26 AM Nearly three months after an AIADMK functionary was chased and hacked to death in full public view near the busy Chengalpattu government hospital, the victim ’ s wife and relatives staged a hunger strike demanding that the police arrest those who masterminded the murder.",was,cause,hunger
"Subsequently, the police arrested six persons in connection with the murder and eight others turned themselves in.",arrested,cause,turned
The police also arrested 79 persons at Surandai and 80 others at Paavoorchathram when they tried to tap toddy.,arrested,cause,tried
"Taking strong exception to the inordinate delay in release of the promised compensation for crop loss in the August 2005 floods, nearly 50 farmers, led by the Telugu Desam Party MPTC member Gurumurthy and local CPI - ( M ) leaders Krishna Babu and Kondala Babu, squatted before the MRO.",delay,cause,squatted
He has been accused of using a slingshot during the # FeesMustFall protests in Durban and was arrested during running battles with police on September 27 last year.,using,cause,arrested
"15th September 2015 05:49 AM THIRUVANANTHAPURAM : With the government appearing to be in no mood to meet the demand of the doctors of the health service, the Kerala Government Medical Officers Association spearheading the hunger strike in front of the state secretariat has called for intensifying the agitation in the coming days.",hunger,intend,agitation
"Subcontractors  will  be offered a settlement and a swift transition to new management  is expected  to avert an exodus of skilled workers from Waertsilae Marine's two big shipyards, government officials said.    ",settlement,prevent,exodus
"September 22, 2016 00:00 IST Ahmad writes to Rajnath on violence by vigilante groups National Commission for Minorities ( NCM ) chairperson Naseem Ahmad has written to Union Home Minister Rajnath Singh, expressing concern at the growing violence against Muslims by vigilante groups and has urged the Minister to work towards creating a sense of security amongst the minorities.",Ahmad,enable,Security
The traffic on Rohtak-Jhajjar highway remained disrupted prompting police to divert vehicles to other routes.,disrupted,cause,divert
"Tiruvannamalai : Cab drivers, owners take out rally May 22, 2012 00:00 IST Tourist cab drivers and owners took out a rally here on Monday demanding to scrap lifetime tax system introduced by Tamil Nadu government.",rally,enable,scrap
"The reality is that there is more demand than supply, and the increase in demand and decrease in supply is growing, so it makes a big difference how we're going to decide who's going to allocate water. """,growing,cause,decide
"Soon after the meeting, BJP legislators staged a dharna demanding Bhardwaj ’ s recall for his “ undemocratic conduct ”, even as the state Cabinet urged him to accord permission to convene a 10 - day legislature session from June 2.",urged,intend,convene
"The department said teachers who joined the protest march would face disciplinary action and that the no-work, no-pay rule would apply.","No-work, no-pay",0,action
The CPM workers too came out of the building to confront the protesters and a minor scuffle ensued.,confront,cause,scuffle
"The leopards escaped on April 19 -- with careless cage-cleaners blamed for letting them out -- but the Hangzhou Safari Park hid the breakout for nearly three weeks to avoid bad publicity, police in the city have said.",breakout,prevent,publicity
"Japan registered its biggest year-on-year increase in exports in almost 30 years in January, prompting manufacturers to hire more people who, in turn, spent more.",registered,cause,hire
Two Limpopo women were targeted for wearing mini-skirts on the day the world celebrates women's rights.,celebrates,cause,wearing
"Lalu, Rabri upbeat after success of shutdown 29th January 2010 01:40 PM An RJD activist wears a garland and crown made of vegetables and shouts slogans along with others during a protest against inflation in Patna.",wears,cause,shouts
"TAMIL NADU Toddy tappers held in districts January 22, 2009 00:00 IST Revoke ban : Members of Tamil Nadu Nadar Peravai showing pots as a mark of protest in Virudhunagar on Wednesday.",showing,intend,protest
Violence broke out when DYFI members protested against a Youth Congress meeting being held at the junction.,protested,cause,Violence
"Vijayaramana Rao, G. Kamalakar and others bought three donkeys and placed dummy cylinders on them in protest against the petrol, diesel and LPG cylinder price hike.",bought,intend,protest
"The youths had on December 20 launched a cycle rally from Pune under their "" Bharat Jodo "" ( Link India ) campaign to propagate the message of peace in Maharashtra, Chhattisgarh and Odisha, the states worst affected by Naxalism.",launched,intend,propagate
"| Photo Credit : Photo : Arunangsu Roy Chowdhury People assembled at the spot to discuss alleged atrocities by ` Santi Sena'Gumla ( Jharkhand ): Eight persons, including two with alleged criminal backgrounds, were killed and a dozen injured in a group clash at Kurkura village in Gumla district, the police said.",clash,cause,gathered
"In Friday's memorandum, the Health and Other Service Personnel Trade Union ( Hospersa ) accused the department of denying cancer patients treatment, '' causing some of them to move from being treatable to terminal ''.",memorandum,enable,denying
They vowed to keep demonstrating until Khanyile was released on bail.,vowed,cause,released
( PICS AVAILABLE ON www.sapapics.co.za ) A crowd of supporters erupted as Jacob Zuma walked on to a stage outside the Pietermaritzburg High Court on Thursday to address them.,erupted,cause,address
They reacted angrily when mayor James Nxumalo was not available to accept their memorandum.,not,0,angrily
"Meanwhile, political activists continued their protest in several places in Tamil Nadu, particularly districts fed by the Mullaperiyar waters, to protest Kerala's refusal to raise the storage level in the dam.",continued,cause,protest
"Mining for trouble Sino Gold Mining, which only last week announced a joint venture to expand exploration near its White Mountain Mine in Jilin province, had to halt operations yesterday as protesting farmers blocked the main access road.",Sino Gold Mining,located in the administrative territorial entity,Jilin
"Angry at the theatre owners ignoring the ‘ diktat ’ not to screen the movie that has raised the hackles of a plethora of Hindu organisations, volunteers of the outfit descended on City Gold Multiplex and Shiv theatre on Ashram Road, smashing glass panes at windows.",Sino Gold Mining,,Jilin
"Nine persons have been arrested so far since the incident happened on Sunday night when the 21 - year-old Tanzanian student went through the ordeal in vigilante justice by an angry mob in a case of "" mistaken identity "" after a woman was mowed down by a car driven by a Sudanese here.",incident,cause,mob
"But the caste violence that wrecked the lives of over a thousand Dalits earlier this month has forever tainted the image of Dharmapuri district as a former Naxal stronghold that, even a decade ago, had no place for caste or class differences.",violence,cause,tainted
The activists of Jaya Karnataka Sanghatane and Manava Hakkugala Horatagarara Parishat also staged separate protests at the Deputy Commissioner ’ s office demanding the State government hand over the probe to the Central Bureau of Investigation.,protests,enable,probe
People invaded the land in Rus-ter-vaal in the previous weeks and the Emfuleni Municipality had obtained a court order to evict them.,invaded,cause,evict
The 30 students continued their hunger strike for the withdrawal of suspension of eight student doctors.,continued,intend,withdrawal
"Philip Morris Cos., New York, adopted a defense measure designed to make a hostile takeover prohibitively expensive.    ",adopted,intend,make
"— | Photo Credit : Photo : N. Bashkaran April 18, 2009 00:00 IST Staff Reporter KRISHNAGIRI : Cadres of Communist Party of India ( Marxist ) staged a demonstration in front of the Revenue Divisional Office, Krishnagiri, on Friday condemning the attack on the party MLA by unidentified persons in Madurai on Wednesday night.",attack,location,Madurai
""" We conducted the march to request the global leaders to re-design the policies so that earth could become a peaceful place to live with harmony, "" said Meeran Haider.",conducted,intend,request
"Hong Kong police on Thursday also charged 44 people linked to the protests with “ rioting ”, a crime that carries a maximum penalty of 10 years in prison.",charged,intend,crime
"The episode, a ""distributed denial-of-service"" attack, is a common type of cyberincident in which hackers saturate a system by sending a huge flood of requests, overwhelming the system and slowing or freezing operations.",attack,cause,overwhelm
"19th December 2013 11:20 AM Cheque transactions worth more than ` 2,200 crore were hit as more than 1,400 bank branches remained closed as bank employees went on a day-long strike to protest against banking sector reforms and non-implementation of wage revision for more than a year.",strike,cause,protest
"Milan are set to secure his replacement, so the Lille goalkeeper Mike Maignan underwent a medical with the 'Rossoneri' on Tuesday ahead of a move from the newly-crowned French champions.",Milan,enable,move
"Lawrence Insurance also sold 3.2 million of its shares for $7.125 each to its parent, Lawrence Group Inc. Lawrence Insurance, based in Albany, N.Y., plans to use the $22.5 million in proceeds to help finance the acquisition of United Republic.    ",proceeds,cause,finance
Four students were injured when police fired rubber bullets during a protest on the campus of the University of the North West in Mafikeng on Monday.,fired,cause,injured
"On Tuesday, shops in Madukkarai area remained closed in protest against the damage to the idol.",remained,cause,protest
"Security measures tightened 12th September 2011 12:39 AM KOCHI : In the wake of the recent Delhi bomb blasts, security measures have been tightened in the city to prevent any untoward happening, said City Police Commissioner, M R Ajith Kumar.",Security measures,prevent,untoward happening
Protests were held across Andhra Pradesh criticising police action on Naidu and his supporters.,Protests,prevent,Police
"Meanwhile, the forest staffers under the banner of Odisha Non-Gazetted Forest Service Association ( ONGFSA ) are sitting on an indefinite strike demanding enhancement of pay scale of forest guards as per the Sixth Pay Commission, regularisation of contractual foresters and forest guards and post upgradation of forest guards, foresters and deputy rangers.",Odisha Non-Gazetted Forest Service Association,0,demanding
"Even as both the public and the civic officials want the strike to end, the agitating sanitation workers have decided to intensify their agitation, with no response from the government.",want,cause,agitation
"Accidents in small-scale gold-mining, known locally as ""galamsey"", are common in the West African nation and President Nana Akufo-Addo has vowed a crackdown to curb its environmental damage.",crackdown,prevent,damage
"A group of conservationists has been camping at the pier for nearly two months, in protest at its proposed demolition.",camping,cause,protest
KSRTC-operated Volvo Buses Keep Off City Roads 20th April 2014 10:15 AM Eighty per cent of KSRTC-operated Volvo buses kept off the roads on Saturday as part of a protest call by the CITU-affiliated Kerala State Road Transport Employees Association ( KSRTEA ) here.,kept,cause,protest
"We recently moved our headquarters and research and development center to Abu Dhabi to benefit from its rapidly growing innovation hub, and with the new AWS Region, we are excited to see it thrive at an accelerated rate.""",center,enable,innovation
28 Nov 2017 The governing body of the University of Hong Kong has said it will not let students stand in the way if it has to review the disciplinary code addressing violence at protests on campus.,body,enable,students
Bush's chief objective in his meeting with Hussein was to pressthe king  to shut down Iraq's food and oil supply route from Aqabaon the Red Sea.,meeting,intend,shut
"Thackeray, however, said if the exam was not deferred care would be taken to ensure it is not affected by the strike.",care,prevent,affected
"12 held after group clashes in Surat - Indian Express Express News Service, Express News Service : Surat, Tue Sep 04 2012, 06:45 hrs The police have arrested 12 people in connection with the clashes that broke out between the members of Patel and Bharwad communities in Punagam area of the city on Sunday.",held,cause,arrested
"But Nithin would continue his hunger strike by not eating anything, he added.",hunger,prevent,eating
"Around 4.30 pm, a 70 - member contingent of VHP and Bajrang Dal activists led by their leaders Yaman Singh and nearly 20 religious heads went in a procession towards the Raj Bhavan with an intention to submit a representation t o g o v e r n o r E S L Narasimhan.",Yaman Singh,member of,VHP
"This was to ensure that neither the police nor the media entered these villages, ” he said.",neither,0,media
"TAMIL NADU Anti-inflation protest DRAWING ATTENTION : MDMK general secretary Vaiko leading a demonstration against the State and Central Governments, protesting the increase in prices of essential commodities, near the Collectorate in Chennai on Tuesday.",Protest,cause,Protest
"( PTI ) MATHURA : Two policemen, including a superintendent of police were killed and 12 others were injured as police tried to evict around 3,000 encroachers from a park in Mathura, Uttar Pradesh late on Thursday.",killed,cause,injured
"PUBLISHED : Saturday, 03 February, 2018, 3:02pm Mandarin, the language of independence 5 Apr 2018 After weeks of protests, anger and even death threats over a Mandarin language exam at Baptist University, campus seemed to have calmed down by the end of this week, when the school announced it was lifting the suspensions of two students, after the pair apologised to affected staff.",apologised,cause,calmed
"Accusing the CPM of instigating the violence, she said the deaths were result of clashes between the Congress and the Marxists.",clashes,cause,violence
"Slovenian prosecutor Drago Sketa angrily dismissed such a suggestion, saying it would interfere with the prosecutors' independence.",suggestion,prevent,independence
"The protestors removed a portion of the railway track between Diphu and Doldoli stations today, halting train movement, they said.",removed,cause,halting
"Several EU countries have restricted the use of AstraZeneca's vaccine to older people, typically over 55 or 60.",restricted,prevent,use
"Another 16 members of the Brazilian-led peacekeeping force deployed in Haiti are confirmed dead, U.N. Secretary-General Ban Ki-moon said Wednesday night -- three Jordanian police officers, one Argentinean and one Chadian police officer, and 11 Brazilian peacekeepers.",deployed,cause,confirmed
"When the AIADMK leader arrived at her Poes Garden house, her party workers from the north Chennai unit believed to be supporters of MLA P K Sekar Babu ’ s camp raised slogans seeking to protect the party in north Chennai.",raised,intend,protect
"`` A number of comrades have been arrested in Pietermaritzburg who are accused of having been involved directly or indirectly in the killing of comrades, including the murder of comrade Musawenkosi Mchunu.",arrested,cause,killing
""" Welcoming Pakistans PM would be the insult of the martyrdom of our soldiers because Pakistan neither took action against guilty despite protest of our government nor return the head of our soldier so I boycotted his visit, "" the Dargah's spiritual head said yesterday.",neither,cause,insult
"NE Youth's Death Sparks Protest 01st February 2014 09:23 AM Nido Taniam, son of Arunachal Pradesh Congress legislator Nido Pavitra died on Thursday allegedly after being beaten up at a market area in Lajpar Nagar here.",Nido Taniam,date of death,01st February 2014
"Police fired rubber bullets to disperse protesting Bethanie residents, NWest ANA Reporter BRITS, September 3 ( ANA ) - Police used rubber bullets to disperse protesting residents of Bethanie outside Brits on Monday.",used,cause,fired
"Maoists blow up panchayat office, godown - Indian Express Agencies, Agencies : Malkangiri ( Orissa ), Sun May 30 2010, 13:37 hrs Maoists blew up a panchayat office building and a godown in's Malkangiri district early on Sunday in an apparent bid to prevent security personnel from camping there.",Blow up,prevent,Camping
"By unfurling a separate flag, the supporters of a separate Vidarbha have insulted the tricolour and the Constitution, "" it said.",unfurling,cause,insulted
"Hong Kong must not become a breeding ground for hate Susan Chan denounces the abuse perpetrated by radical protest groups PUBLISHED : Monday, 16 March, 2015, 2:13pm In recent weeks, there have been protests organised against parallel trading in the New Territories and Tsim Sha Tsui.",protests,prevent,abuse
This membership drive issue spilled over to the streets as another group took on its rivals near Keshari Talkies.,took,cause,spilled
"So we are asking people to come out because it may be the last time that we are going to have a peaceful and lawful protest in Hong Kong, ” said one of the organisers of the rally.",rally,enable,protest
"Female Facebookers started catching on this week as a message made its rounds through the inboxes of the social media network.""",made,cause,catching
There was a shutdown in various towns in Jammu regions against the incident.,shutdown,prevent,Jammu
"Lam – who has kept out of the public eye since her climbdown and has record low approval ratings – struck a conciliatory note Monday at the ceremony marking the handover, saying a series of protests that have rocked her city have taught her that she needs to listen better to the youth and people in general.",climbeddown,cause,listened
"Truckers in Bihar have refused to join the strike, saying that it hampers progress.",join,cause,hampers
"Thereafter, two persons, who placed a cement slab on the railway track between Poovanur and Ulundurpet railway stations in Villupuram district with an intention of causing mass destruction to the train and passengers, were detained under the National Security Act in December.",placed,intend,causing
Since last Thursday mass anti-terror parades involving thousands of heavily armed troops have been staged in three of Xinjiang ’ s most important cities following two deadly attacks in which more than a dozen people were slain.,attacks,cause,staged
"KARNATAKA People want road developed January 18, 2007 00:00 IST Correspondent KARWAR : People of Devbag, near here, staged a demonstration on Tuesday to protest against the move of the zilla panchayat to inaugurate a newly built bridge across the Mavinahole stream without developing the road connecting the bridge on either side.",protest,prevent,developing
"On July 28, an argument between two shopkeepers had led to a communal flare-up.",argument,cause,flare-up
Conservationists have welcomed the decision to reject a bid from Tanzania and Zambia to temporarily suspend a worldwide ban on trading in African elephant ivory so they can offload legal stockpiles in a one-off sale.,ban,enable,offload
"The White House yesterday disclosed that Kuwait's ousted government has formally asked the U.S. to enforce the total trade embargo the United Nations has imposed on Iraq, allowing the U.S. and other nations to immediately begin stopping ships carrying Iraqi goods.   ",enforce,enable,begin
"But he would not apologise for the protest, saying students ’ voices need to be heard.",protest,enable,voices
"Ottawa has invested Can$36.5 million (US$30 million) over the past year to advance lunar and space technologies including micro-rovers, and to build a third-generation robotic arm dubbed Canadarm3.",invested,enable,advance
"Thiruvananthapuram : Protest against assault on woman in Kochi June 25, 2011 00:00 IST Dozens of people, including women, took out a ‘ Freedom Walk'through the main thoroughfare of the city on Thursday midnight in protest against the alleged assault on Tasni Banu, a woman BPO employee of the Infopark in Kochi a few days ago.",took,cause,protest
"Seven BJP workers were injured in a clash with their Congress counterparts at Pigdambar village in Mhow tahsil of poll-bound Madhya Pradesh, police said on Thursday.",clash,cause,injured
Israel criticized Turkey Monday for a Turkish television series that it said depicted Israeli intelligence agents as baby-snatchers.,depicted,cause,criticized
"Pentagon sources in Washington meanwhile said the Bushadministration plans  to deploy 45,000 Marines to the region to backup the thousands of Army, Navy and Air Force troops already inplace in the gulf and the Saudi desert.   ",deploy,intend,back
The protesters planted the saplings in potholes to draw the attention of the officials to the poor condition of the road.,planted,intend,draw
"Jagan ’ s indefinite fast was broken on Saturday afternoon, when his condition started deteriorating.",fast,cause,deteriorating
Cosatu in North West on Wednesday queried Lanxess chrome mine's move to suspend some workers after a recent strike at the Rustenburg mine.,move,cause,strike
"In fact, some inspectors and sub-inspectors allegedly moved in vehicles to ensure that the mobs continued their spree.",moved,cause,spree
"Ralston attributed its fourth-quarter slump partly to higher costs of ingredients in the pet food business as well as competitive pressures, which required higher advertising spending. ",costs,cause,slump
"Police used rubber bullets to disperse a group of about 300 people protesting against poor service delivery in Landsdowne Road, Superintendent Riaan Pool said.",used,cause,disperse
A student had to be administered saline drip while other 14 students refused to break their fast and end the strike until their problems were addressed.,drip,prevent,break
"It's an ideal example of how an individual voice can be magnified to create awareness for a good cause and ignite action among millions by using a site like Facebook. """,using,cause,magnified
"A spokesman said the savings bank may not qualify for the capital requirements because, under the proposed guidelines, its $380 million of preferred stock doesn't meet the ""core capital"" criteria outlined under the new Financial Institutions Reform, Recovery and Enforcement Act of 1989. ",meet,cause,qualify
"Muslim women sit on dharna, demand passage of Womens Reservation Bill",sit,intend,demand
"“ If every Hongkonger chooses to stay at home, then we will surely die …",chooses,cause,die
"S. Sreenivas Reddy, convenor, Andhra Pradesh Recognised Private Schools Managements Association, has said that schools would be closed in anticipation of tense situation due to bandh.",bandh,cause,closed
"While rivalry between student groups led to the violence in which firing from a country - made pistol allegedly took place and eight students were said to be injured, the exact provocation behind the incident is not clear.",rivalry,cause,violence
In the streets too the general sense of animosity prevailed as the CPM and BJP workers scuffled outside the AKG Centre and 600 people were detained.,scuffled,cause,gathered
They were caned mercilessly and shooed out of the venue when some of them raised slogans against Chief Minister YS Rajasekhara Reddy who inaugurated the two-day job mela organised by the Greater Hyderabad Municipal Corporation ( GHMC ).,inaugurated,cause,raised
"March 03, 2013 00:00 IST Holds demonstration in front of SE office in Nizamabad The TDP Legislators on Saturday, seriously warned the electricity authorities against the frequent cuts in power supply to the farm sector resulting in damage to the crop which is in its last stage for harvest.",Holds,intend,Damage
"The pass, which can be downloaded on a person's mobile phone two weeks after receiving their second shot, gives the bearer permission to move about freely in cities under lockdown to go to the supermarket, pharmacy, or for open air exercise.",pass,enable,permission
"The Google.cn filter, which returns censored search results, was created after the original form of the U.S. - based search engine was routinely slowed or blocked by China's Internet controls.",blocked,cause,created
The militants then fired upon the vehicle carrying the team with AK rifles and killed all five officials.,fired,cause,killed
Residents started protesting on Sunday afternoon about a water shortage in Mothutlung.,started,cause,Mothutlung
Lau cited students storming a meeting room back in 2015 to protest against Chin ’ s appointment following a short consultation held during the exam period.,cited,cause,protest
"After putting her bassoon to one side for a while, she eventually managed to find some alternative projects -- particularly making records -- to keep her spirits up and stop herself from getting rusty.",making,cause,keep
"After meeting with Prime Minister Benjamin Netanyahu, Blinken reiterated support for Israel's right to defend itself against rocket attacks by Gaza's Hamas rulers, adding that they must benefit from reconstruction aid.",support,enable,aid
June 2 : CPI-Maoist cadres killed three villagers near Ranchi for allegedly collecting money in the name of the outfit.,killed,cause,collecting
They withdrew the protest after the revenue and police officials assured them that they would release the persons not involved in the clash.,withdrew,cause,release
"Roja, accompanied by YSRC MLAs Ch Bhaskar Reddy, Narayanaswamy, Amarnatha Reddy and Sunil, came to Nagari on Saturday and staged a dharna in front of the police station seeking action against those involved in attacking her.",Ch Bhaskar Reddy,member of,YSRC
"He said the municipality was responding to all the issues raised by the community which had led to the protest, and pleaded with them not to chase away municipal workers when they were in the area to provide services.",responded,prevent,chase
The president also has offered  to help offsetJordan's costs because 40 percent of its exports go to Iraq and 90percent of its oil comes from there.,go,cause,offered
The police fired seven rounds in the air and lobbed nine teargas shells to bring the mob which fired from country-made guns and pelted stones under control.,lobbed,cause,fired
"Eyewitness said three rebels armed with sophisticated weapons arrived near the Shiva temple in a motorcycle and fired point blank at 38 - year-old contractor Budra Dhangda Majhi, killing him on the spot.",weapons,cause,fired
"The organisers then signed a petition demanding strict legal action against the accused which would be sent to the Delhi CM, PM, and Home Minister.",signed,cause,sent
"According to the police, the incident occurred when a man, belonging to the Dalit community, was allegedly asked to pay extra money for eggs at a roadside stall by its owner, a Muslim.",asked,cause,incident
"New Delhi : OROP-PROTEST January 18, 2016 00:00 IST Ex - servicemen stage protest outside Jaitley residence Ex - servicemen seeking changes in the government ’ s One Rank One Pension ( OROP ) scheme on Sunday staged a protest outside the official residence of Finance Minister Arun Jaitley here, alleging that he failed to respond to concerns raised by them during an earlier meeting.",protest,enable,meet
"RAMANATHAPURAM Man injured in clash March 29, 2011 00:00 IST People block road traffic on NH 210 : One person was injured when a group of DMK men allegedly attacked him and some others at Sholandur near R.S. Mangalam on Monday.",clash,cause,block
"KURNOOL : Capital punishment sought for rape accused July 23, 2015 00:00 IST YSR Congress activists staged a demonstration at the Gandhi statue in front of the Kurnool Collectorate on Wednesday, seeking capital punishment for Khaja Pasha who allegedly raped a seven-year-old girl in Khadagpura on July 19.",staged,intend,seeking
"KALPETTA : AIYF activists stall bank work November 24, 2011 00:00 IST Activists under the Mananthavady taluk committee of the All India Youth Federation ( AIYF ), the youth organisation of the Communist Party of India ( CPI ), stalled work of the Mananthavady branch of Punjab National Bank on Wednesday in protest against the bank's alleged move to appoint agencies to recover overdue loan amounts from farmers in the district.",KALPETTA,cause,protest
"Profit climbed to $98 million from $71 million in the petroleum segment, as Du Pont's Conoco Inc. oil company was helped by crude oil prices higher than a year ago and by higher natural gas prices and volume.    ",helped,cause,climbed
"People arriving in France from Britain will have to self-isolate to prevent the spread of Covid-19, notably its Indian variant, government spokesman Gabriel Attal said on Wednesday.",self-isolate,prevent,spread
"As the protest entered its third day, Hlatshwayo said students had threatened to render the campus ungovernable if the university failed to address their grievances.",threatened,cause,address
The police have denied allegations that they were targeting leaders of the student protests in order to thwart the'# FeesMustFall'campaign after the arrest of former Witwatersrand University Student Representative Council president Mcebo Dlamini.,police,prevent,campaign
We cannot remain mute spectators while our brothers and sisters in Tibet suffer everyday under the Chinese rule. ” The Chennai fast is part of a marathon hunger fast launched by the monks of the Gaden Jangste Monastery in various metros of India in an effort to internationalise the worsening human rights situation in Tibet.,Chennai fast,instance of,hunger
"Mamata shows off strength, takes out padayatra 01st April 2011 02:48 AM KOLKATA : Trinamool Congress supremo Mamata Banerjee organised a huge padayatra as part of her election campaign in the city on Thursday, sending a message to the CPM leadership about the possible change in the state administration.",shows off,intend,message
"On Tuesday, 29 truckers were arrested in the Johannesburg city centre after violent clashes with the police.",clashes,cause,arrested
"The violence that followed in Nandigram was due to them for which the BJP was criticising the CPI(M), he added.",criticising,cause,violence
"So-called "" fidayeen "", or suicide, squads of Lashkar-e-Toiba militants launched a series of attacks in Jammu and Kashmir last year, killing many soldiers.",launched,cause,killed
"Led by former Minister Mandava Venkateswar Rao, MLA ( Nizamabad Urban ) MLAs Annapoornamma and Hanmanth Shinde and MLCs V.G. Goud and A. Narsa Reddy held protest demonstration in front of the office of Superintending Engineer demanding rectification of the situation within two days.",demonstration,intend,rectification
"Those gains came from higher prices, particularly for disposable diapers and tissue products, and from increased sales, primarily for feminine-care products, the company said. ",prices,cause,gains
"ANDHRA PRADESH Strike near total in Khammam December 15, 2006 00:00 IST Staff Reporter Dharnas, demonstrations mark the protest against government policies KHAMMAM : The general strike called by the left trade unions against the Centre's economic policies was near total in Khammam district on Thursday.",strike,enable,protest
"At the same time the EASA said it did not believe the safety concern relating to the incident comprised an ""unsafe condition"" that would warrant a safety directive which would force airlines to comply.",directive,enable,comply
"The dawn-to-dusk shutdown evoked total response in Bihar, upsetting Lalu-Rabri rival Nitish Kumar as well as the Bharatiya Janata Party ( BJP ) and the Congress, which is trying for a revival in the state.",response,cause,upsetting
"""There are very specific entry and movement rules and procedures which the organisers have laid out in order to ensure the protection of everyone involved,"" she added.",rules,enable,protection
"Ocean Drilling amp Exploration Co. will sell its contract-drilling business, and took a $50.9 million loss from discontinued operations in the third quarter because of the planned sale.    ",sale,cause,loss
"Despite this, if the protest continues, we will have to initiate a strong police action, "" said MMRDA Commissioner Ratnakar Gaikwad.",action,cause,protest
Hundreds of members of the Police and Prisons Civil Rights Union gathered at the King Dinuzulu Gardens in Durban on Wednesday ahead of a march over salary grades on Wednesday.,gathered,cause,march
"If the strike prolongs, nearly 50 buses need to be brought in from main depots like Thiruvananthapuram to operate buses to different parts of the district, Mr. Stanley said.",brought,cause,operate
"Dethrone Naveen government : Congress 07th September 2012 12:07 PM Buoyed by the massive turnout at the ‘ Parivartan ’ rally, Congress leaders on Thursday gave a clarion call to party workers and supporters to dethrone Naveen Patnaik Government in the 2014 general elections.",turnout,enable,dethrone
"Opposing the Pakistan premier's visit that was marked by tight security, local lawyers, some BJP activists and representatives of markets associations staged protests and shouted anti-Pakistan slogans.",Protests,cause,shouted
"A group of Hong Kong pro-democracy activists have been sentenced to prison for their role in the Umbrella Movement protests, with two of its leaders jailed for 16 months.",sentenced,cause,jailed
"Demonstration The agitators demonstrated when the education officials started handing over the appointment orders to the selected candidates, demanding an inquiry to determine the genuineness of the address proof submitted by the migrated candidates.",demonstration,enable,inquiry
"About 200 people, majority of them leaders and workers of the Congress party, were arrested in connection with 114 cases of attacks on Reliance outlets.",arrested,cause,attacks
"The CPI(M) leader said that while CPI(M) workers were the victims of RSS attacks at Thalassery and Malampuzha, the UDF was organising a Shanthi Yatra ( a foot march for peace by the Congress ) to target the CPI(M) as perpetrators of violence.",Shanthi Yatra,subclass of,march
""" We decided to exclude Mumbai, where the'rail roko'demonstrations were slated from 11 AM to 12 noon, to avoid inconvenience to suburban commuters, "" MPCC spokesperson Sachin Sawant told PTI.",We decided,prevent,inconvenience
"At Balagangamanahalli panchayat in Dharmapuri, residents of Eechampatti village laid siege to the Nallampalli BDO ’ s office in protest against non supply of water.",laid,cause,protest
"ALIGARH : AMU shut down following violence May 01, 2011 00:00 IST Aligarh Muslim University has been closed indefinitely in the wake of violence among students late on Friday evening.",violence,cause,shut
This was to thwart economic well-being of the population.,thwart,intend,well-being
"Republicans have angrily criticized the Democrats' potential use of reconciliation, arguing that the maneuver was never intended to be used for major policy overhauls along the lines of the health care bill.",criticized,intend,maneuver
Mr. Bommai later told presspersons that whoever was responsible for forcing the protestors to stage such a protest would be dealt with sternly.,told,cause,dealt
"Cassim said that the DA had since laid a complaint at the South African Human Rights Commission ( SAHRC ) against one identified leader in the EFF structure, Omphile Seleke, who allegedly incited chaos and violence at the University of Pretoria ( Tuks ) campus in particular.",told,,dealt
Contentious issue The Greater Hyderabad Cab and Bus Operators Association went on strike demanding exemption from payment of Value Added Tax ( VAT ) with retrospective effect from 2003.,went,cause,demand
In the memorial meeting presided over by the VHP district unit president Kamadab Pradhan and attended by many others including Saraswati's successor Swami Sachidananda Maharaj criticised the Odisha govenrment for not arresting all those involved in the killing.,criticised,prevent,arrest
Spokesman Keith Khoza said they had decided to March to Prime Media because the cartoon had raised various concerns.,raised,cause,decided
Some schools which had to postpone their mid-term examinations due to the bandh have the additional task of conducting the tests before resuming the classes.,postponed,cause,resuming
"It was followed by a series of attempts to derail trains on the Erode-Coimbatore section, by placing boulders on the track.",boulders,cause,derail
Taxi operators marching in protest against the government's taxi recapitalisation scheme reached the Union Buildings in Pretoria on Friday.,Union Buildings,located in the administrative territorial,Pretoria
"Among individual companies, Amazon edged up 0.1 percent after announcing it would acquire the storied MGM studios for $8.45 billion, giving the US tech giant a vast library to further its ambitions in streaming.",acquire,enable,ambitions
"Led by A Sagayamadha, an office-bearer of the All India Farm Workers Association, the villagers, including a large number of women from the panchayat comprising six villages, staged the protest urging the district administration to immediately disconnect the illegal water connections and ensure uninterrupted water supply to them.",protest,intend,ensure
"The court complex turned into a battle zone as the rampaging advocates targeted journalists, particularly electronic media crew, who had gathered to cover the appearance of mining baron G Janardhana Reddy before a court in an illegal mining case.",rampaging,cause,gathered
Recent years have seen radicals with links to Xinjiang use vehicles to carry out a series of terror attacks in China including a May 2014 market bombing in the capital Urumqi and an attack in Beijing ’ s Tiananmen Square in October 2013.,use,intend,Terror
"The BJP also held a protest and urged voters to reject the Congress "" for taking anti-people decisions.",held,intend,reject
This provides the perfect conditions for the bacteria to thrive and cause inflammation-causing toxins that are known to spread throughout the rest of the body.,infections,cause,spread
"July 26 : A day later, it was Ahmedabad's turn as 29 people were killed and over 100 hurt as 16 bombs went off in a space of 90 minutes.",went,cause,killed
"May 08, 2010 00:00 IST Over 470 pourakarmikas are agitating for release of wages",agitating,intend,release
"In the past two months the nation's 88 junk funds have lost a total of about $6 billion -- more than 15% of assets -- through sales or transfers of junk-fund shares, Dalbar says. ",transfers,cause,lost
"Amid high drama, the police whisked away the legislator on the night of June 18 when he had climbed on the water tank atop the college building after parents of the students and local people had gathered in front of the college building and pelted stones.",gathered,cause,whisked
More than a thousand workers downed tools at 7am on Wednesday after talks with management failed on Tuesday.,failed,cause,downed
"AAP workers had yesterday gathered outside the party office at Rishi Nagar here and expressed their resentment and raised slogans against the party and its leaders for allotting ticket to Khayalia, who was recently inducted into the party.",gathered,cause,expressed
"Brothers Kobus, Wilhelm and Johan Pretorius, Herman van Rooyen and Rudi Gouws -- who made up the Boeremag's bomb squad -- were also convicted of murdering Soweto mother Claudia Mokone with a home-made bomb and of trying to murder former president Nelson Mandela.",Kobus,place of birth,Soweto
The protesters were taken into police custody when they started picketing vehicles passing through the State Bank circle.,taken,cause,picketing
Three more alleged terrorists were shot last month after reportedly setting upon civilians with machetes.,setting,cause,shot
"Protesters pushed through police barriers in an attempt to enter the buildings, but to no avail.",pushed,intend,enter
"The march descended into chaos, with police firing teargas and masked men attacking protesters at a train station after the march.",pushed,,enter
"Guo, who has Australian citizenship, was taken away by police in Beijing shortly after the publication of an interview in which he described participating in 1989's pro-democracy protests in Tiananmen Square and discussed a work he had created commemorating the bloody crackdown.",taken away,cause,interview
"Tirupur : Telecom employees stage protest June 22, 2015 00:00 IST Alleging that the deficiencies in operational infrastructure and staff shortage in telephone exchanges in Tirupur and nearby areas are not getting addressed, the BSNL Employees Union members staged an agitation here.",protest,cause,addressed
"KARIMNAGAR : TDP rasta roko against fuel price hike June 28, 2010 00:00 IST The TDP district unit leaders staged a rasta roko in front of the RTC bus station complex here on Sunday in protest against the fuel price hike.",staged,intend,protest
The station house officer of the Farah police station Santosh Yadav and the Superintendent of Police ( City ) Mathura Mukul Dwivedi were killed when activists of Swadheen Bharat Subhash Sena ( SBSS ) opened fire at the police party that attempted to evict it from Jawahar Park late on Thursday evening.,opened,cause,evict
"Hong Kong ’ s hospital authority said 17 people had been hospitalised following the clashes, including two who were in serious condition.",clashes,cause,hospital
"OU counselling Osmania University has rescheduled the counselling for the postgraduate courses, which was to start on Monday, due to the TDP bandh.",bandh,cause,rescheduled
"The court found Shahzad guilty of murder, attempt to murder, obstructing and assaulting public servants and grievously injuring the police officers to deter them from performing their duty.",found,intend,deter
The rallies are the latest manifestation of growing fears that China is stamping down on the city ’ s freedoms and culture with the help of the finance hub ’ s pro-Beijing leaders.,fears,prevent,freedoms
`` This strike is causing huge disruptions and all because of a one percent wage increase.,strike,cause,disruptions
"﻿Nagamarapalli Fans Ransack BJP Office 22nd March 2014 08:43 AM The surprise choice of Bhagwant Khuba by the BJP as its candidate for Bidar Lok Sabha constituency, leaving out the favourite father-son duo of Gurupadappa Nagamarapalli and his son Suryakant Nagamarapalli, has drawn a strong backlash in the district.",choice,cause,drawn
"Protesting workers from petrol stations, car dealers and panel beaters warned their employers on Tuesday to prepare for a long battle in their campaign for better wages and allowances.",warned,cause,battle
"On Friday, Intel began notifying customers about the bugs which cause the chip to give wrong answers for some mathematical calculations.    ",bugs,cause,answers
"MGM Grand Inc. has agreed to pay $93 million and nearly 1.8 million common shares to buy 117 acres of land along the Las Vegas, Nev., Strip as a site for its planned movie-studio and theme-park resort.    ",pay,cause,buy
"When the Opposition was raising the pitch in the House to pin down the government, a palm climber outsmarted them in terms of more punch and novelty, as he climbed a coconut tree in the sprawling Assembly compound to highlight his protest with slogan shouts over denial of benefits from an assigned welfare fund to his ilk and abject neglect on other issues.",climbed,cause,protest
"Up until midnight police were far more restrained with their use of force, having been criticised for their actions against protesters at a smaller protest on 12 June, when they fired 150 rounds of teargas and rubber bullets, and videos of police beating and pepper-spraying unarmed protesters circulated over the internet.",criticised,cause,use
Post offices wore a deserted look as members of the National Federation of Postal Employees and many other associations did not turn up for duty.,wore,cause,turn
"TAMIL NADU Police denies permission for fast April 01, 2006 00:00 IST Staff Reporter UDUMALPET : The announcement of candidates for Udumalpet constituency by the ruling All India Anna Dravida Munnetra Kazhagam and the opposition Dravida Munnetra Kazhagam drew protest from a section of partymen.",announcement,cause,drew
"The people who disrupted a funeral address by President Thabo Mbeki on Saturday will be barred from ever attending another ANC meeting if they can be identified, the party's secretary general Kgalema Motlanthe said on Sunday.",party,chairperson,Kgalema Motlanthe
"﻿As the city enters its ninth consecutive week of protests, the movement shows few signs of abating, as public anger at the government spreads to more parts of Hong Kong society.",the movement,located in the administrative territorial entity,Hong Kong
"Two Maoists were killed when police returned fire, he said.",returned,cause,killed
"- Indian Express Express News Service, Express News Service : Chandigarh, Fri Jul 01 2011, 03:05 hrs The Chandigarh unit of Bahujan Samaj Party held a protest at the rally ground in Sector 25 against the rising prices of cooking gas, petrol, diesel, etc. The protest is part of a nationwide campaign of the party on the issue.",held,cause,protest
"Japan's unemployment rate fell below 5 per cent for the first time in a year in January, according to data released on Tuesday, as strong exports fed into a strengthening economic recovery.",fell,cause,strengthening
"More than 400,000 people joined a pro-democracy march on the streets of Hong Kong on Sunday afternoon, amid anger over an extradition bill and violent police tactics aimed at protesters.",march,cause,anger
The Supreme Court statement was issued as Prime Minister Pedro Sanchez's government was gearing up to grant a pardon to the separatists as a way of advancing talks over the Catalan separatist crisis.,statement,enable,pardon
"The gross proceeds from the sale of the notes, which will be due on Nov. 1, 2004, will be used to reduce existing debt and for general corporate purposes, the company said. ",used,intend,reduce
"Seven people were killed and 55, including minor children, injured in two bicycle-bomb blasts in Nalbari, headquarters town of lower Assam ’ s Nalbari district on Sunday morning.",Nalbari,located in the administrative territorial entity,Nalbari district
"Meanwhile, the four-day bandh call given by Maoists in Malkangiri and adjoining Koraput district demanding halt to police action and alleged atrocity against tribals had entered the third today affecting normal life in Maoist hinterlands including Padia, Kalimela and Motu areas.",four-day,0,affecting
"Delhi BJP Protests Against Power Tariff Hike 01st February 2014 02:07 PM Criticising the Delhi government for its failure to check power tariff hike, the Bharatiya Janata Party ( BJP ) Saturday protested against the hike in the national capital.",Protests,prevent,Check
"July 12, 2009 : Three separate attacks in Rajnandgaon district of Chhattisgarh claim the lives of 30 security personnel.",Three separate attacks,point in time,"July 12, 2009"
"The fresh clash came a day after over 22 people, including five media men and 11 security personnel with an officer among them, were injured last night when students agitating over creation of a separate Telangana hurled stones at them on the Osmania University campus prompting them to use force to quell the mob.",clash,intend,use
"The strike, under the aegis of The AP Junior Doctors Association, Gandhi General Hospital unit, would be intensified if their demands were not met, the protesting doctors threatened.",demands,cause,threatened
But NATO members remain reluctant to embrace Ukraine as they want to avoid ratcheting up tensions with Russia.,embrace,prevent,ratcheting
"The company had further offered a once-off hardship allowance of R2000 to help workers deal with financial difficulties arising from the no-work, no-pay principle in place while they were striking.","No-work, no-pay",0,help
"KARNATAKA Protest against permitting bar in residential area July 03, 2008 00:00 IST Up in arms :",Protest,0,Up
Medicos'Stir Hits GGH Services 04th January 2012 02:56 AM GUNTUR : The ongoing strike of PG medical students of the Government General Hospital ( GGH ) has hit medical services badly.,Stir,cause,hit
Six protesters were injured in the firing.,firing,cause,injured
"OTHER STATES Seeking their due February 23, 2010 00:00 IST A A A IN AGITATION MODE : Members of the ’ Pramila Devi Mahila Kalyan Sangha ’ demonstrating in front of the RDC office in Berhampur on Monday against ‘ failure ’ of implementation of NREGA in parts of Ganjam district and non-inclusion of some BPL families in the BPL list.",demonstrating,cause,failure
"Analysts greeted reports that Senate Republicans plan to lift their infrastructure package to $1 trillion, bringing them somewhat closer to President Joe Biden's latest offer costing $1.7 trillion.",plan,enable,offer
"On Monday, around half-a-dozen state roadways buses, a police motorcycle and several private vehicles were damaged by the youths who had gone on a rampage during a protest at the UPPSC office.",rampage,cause,damaged
"Following the Shani temple stir, Muslim women too on Thursday staged a protest demanding entry into a restricted area of the Haji Ali dargah.",Shani temple stir,instance of,protest
"In a related development at Salem in Tamil Nadu, a 26 year-old man attempted self-immolation protesting against Rajapaksa'visit.",related development,located in the administrative territorial entity,Tamil Nadu
The attacks resulted in over 250 deaths and injuries to more than 700 people.,attacks,cause,deaths
Police officers arrived on the spot and promised action and convinced Jaya to stop the protest.,arrived,cause,convinced
"TAMIL NADU BJP cadres stage stir October 18, 2007 00:00 IST TIRUCHI : The cadres of the Bharathiya Janata on Wednesday staged a demonstration at Puthur in the city condemning reservation on communal lines.",demonstration,enable,condemning
"Ocean Drilling amp Exploration Co. will sell its contract-drilling business, and took a $50.9 million loss from discontinued operations in the third quarter because of the planned sale.    ",sale,cause,loss
"Police use tear gas to control communal clash at Mirzapur - Indian Express Express News Service, Express News Service : Ahmedabad, Tue Sep 15 2009, 01:09 hrs The city police had to resort to tear gas shelling after a communal violence broke out near St Xavier's High School in the Mirzapur area of Ahmedabad late on Sunday.",violence,cause,use
This was after the Student Representative Council and management clashed over how to deal with rising student debt.,clashed,cause,deal
"They are : 1 ) East Fort - Eanchakkal - Bypass - Kazhakoottam - Pothencode - Venjarammoodu - Vembayam - Palayam - East Fort Three VSDP activists were held by the police for attempting to disrupt the flag off function of Rajadhani, the ring road service of KSRTC.",Rajadhani,operator,KSRTC
A former state minister was also booked for inciting violence.,booked,intend,inciting
"The stadium is one of a growing list of venues across Melbourne visited by positive cases, leaving state health officials rushing to test and trace across the city of five million, which endured a devastating four-month lockdown after an outbreak last year.",cases,enable,test
Analysts say the mainland public has taken to such protests because they lack adequate channels to express their concerns about environmental risks posed by massive industrial projects.,channels,prevent,concerns
Traders pulled down their shutters to join the statewide agitation to oppose the State Government's move to amend the APMC Act on Friday.,pull,intend,oppose
"The Google.cn filter, which returns censored search results, was created after the original form of the U.S. - based search engine was routinely slowed or blocked by China's Internet controls.",blocked,cause,created
"Engg students demand uniform rule on ATKT Posted : Fri Jan 15 1999 IST MUMBAI, JANUARY 14 : Engineering students held a demonstration at the University of Mumbai campus at Fort on Wednesday, demanding that they be allowed to keep term grant for the year.",held,cause,demanding
Fasting Jagan denied mulakats 27th August 2013 11:23 AM The indefinite fast of YSR Congress chief YS Jaganmohan Reddy in protest against state division continued on the second day on Monday.,Fasting,cause,protest
"The Centre has decided to hold tripartite talks with the United Naga Council ( UNC ) and the Manipur government to end the ongoing blockade of two national highways in Manipur, which has disrupted normal life and led to a shortage of essential commodities in the State.",blockade,prevent,disrupted
The clash left at least three students injured.,clash,cause,injured
"Three killed in Maoist attack in Jharkhand - Indian Express Agencies, Agencies : Chatra ( Jharkhand ), Tue Oct 20 2009, 09:41 hrs Three persons, including the head of a naxal outfit, were killed and six others critically injured when Maoists attacked at Rajpur in the district in the wee hours on Tuesday.",attacked,point in time,Oct 20 2009
Passengers stranded as buses go off road,go,cause,stranded
The combined operations  are designed  to isolate and strangleIraq until it retreats from Kuwait.,operations,intend,retreats
LIN Broadcasting surged 4 5/8 to 112 5/8; LIN and BellSouth sweetened their merger agreement in an attempt to keep shareholders from tendering their shares to McCaw Cellular Communications.,sweetened,intend,keep
Two civilians also received gun shot wounds in the firing.,fired,cause,received
"Vijayan was speaking at a protest meeting against the report, convened by the party at nearby Kodencherry in the district.",meeting,cause,speaking
"Over 100 people, including the city magistrate Ram Araj Yadav, were also injured in the clash that lasted for almost four hours.",clash,cause,injured
"Family of the student who went missing from JNU, Najeeb, and victims of caste atrocities in Una, Gujarat, Piyush Sarvaiya, Ramesh Sarvaiya and Jeetu Sarvaiya, also attended the event to offer solidarity.",went,cause,solidarity
"Maimane said the actions of the over 20,000 students who protested against the injustice of the education system and Afrikaans being imposed as the language of instruction on June 16, 1976 `` changed the course of our history ''.",protests,cause,changed
"PANAJI : Differently-abled persons stage dharna June 02, 2011 00:00 IST Disability Rights Association of Goa ( DRAG ) held a candle light dharna of differently-abled persons on Monday at Azad Maidan in the city to highlight negligence by the State government.",candle light,enable,highlight
The country has lifted nearly all virus-related restrictions and many Russians are refusing to wear masks on public transport and in other public places.,country,enable,wear
"`` In recent weeks, residents invaded land in the area and to curb the mushrooming of structures on the land, the municipality obtained a court order to remove the land invaders.",invaded,cause,mushrooming
"Concerned that this new policy would reduce their children ’ s chances of getting into university, they marched in the streets to protest.",policy,cause,reduce
"They exclude revisions made by other statistical organisations, which show that the number of deaths is much higher.",revisions,cause,number
"Four persons from Bihar, who attempted to derail a goods train near Erode were booked under the National Security Act in this case.",booked,cause,derail
"The much-anticipated trouble began in the morning when a group of advocates, who assembled near the Aavin entrance of the High Court campus, staged a protest and attempted to block the NSC Bose Road.",staged,cause,blocked
"Addressing a mammoth rally in memory of the Youth Congress supporters killed by the police at a protest rally on this day 16 years ago as well as to celebrate the victory in the Lok Sabha elections, Ms. Banerjee said : “ The Trinamool Congress is no more a mere opposition party in State politics.",rally,enable,party
"But, he said football was helping keep people at home as University of Alabama fans cheered on their team in the National Championship Game against the University of Texas.",cheered,cause,keep
"After firing, Chandrababu, Left gun for YSR - Indian Express Express News Service, Express News Service : HYDERABAD / KHAMMAM, JULY 29, Sun Jul 29 2007, 23:47 hrs The embers left by Saturday's police firing which killed six Left activists agitating for land are unlikely to die soon.",firing,cause,die
"The party workers burnt posters of AAP leaders Manish Sisodia, Yogendra Yadav and Kejriwal after the party had earlier in the day announced a second list of 30 candidates for the general elections.",announced,cause,burnt
"Irked over the arrests, the protestors staged dharna.",protests,cause,staged
"I saw university students taking part in social movements and how universities are a place where there is the value of common governance by both teachers and students Lau Tsz-kei He said his political awakening came in 2012, when he took part in a protest against compulsory national education for public schools, intended to strengthen “ national identity awareness ” and nurture patriotism towards China.",took part,intend,strengthen
"They gathered in the morning ahead of the start of the Congress of SA Trade Unions'( Cosatu ) central executive committee ( CEC ) meeting, where the National Union Metalworkers of SA ( Numsa ) was expected to defend itself against plans to expel it from the trade union federation.",meet,intend,defend
"Tshukudu was allegedly shot dead by Jaco du Plooy, 46, on October 10 while he was diverting traffic on the R52 leading to Sannieshof to avoid protests further down the road.",diverting,prevent,protests
"KARNATAKA Communal clash in Mysore jail February 02, 2008 00:00 IST Staff Correspondent MYSORE : Tension prevailed in Mysore Central Jail on Friday evening after a communal clash broke out between inmates.",clash,cause,Tension
"Militants made a dramatic appearance in Koker Bazar area of Lal Chowk and fired a volley of shots on CRPF personnel patrolling the area, injuring two of them, police said.",made,cause,fired
"""But the minute there's a new international arrest warrant from Italy, which was approved by the Supreme Federal Court of Brazil, the Brazilian federal police can no longer order the expulsion"" he explained.",arrest,prevent,expulsion
Yousuf Staff Reporter Forced to look for alternative transport due to cab operators ’ strike ; autorickshaws too join stir today HYDERABAD : It was an altogether different day for employees working in the IT and BPO companies on Thursday.,strike,cause,look
"The Zilla Parishad vice-chairman Pandari, of CPI, staged a sit-in protest during the meeting resenting alleged violation of protocol.",Pandari,enable,protest
"The TAC and a group of Khayelitsha residents, some of them HIV-positive, are seeking the reinstatement of the workers fired on June 11 after allegedly participating in the public service strike.",participating,cause,seeking
The president also has offered  to help offsetJordan's costs because 40 percent of its exports go to Iraq and 90percent of its oil comes from there.,go,cause,offered
"In developing the concept for Future, Aptar's experts turned to recognized eco-design principles, which call for plastic dispensing products to be made from a mono-material to facilitate the recycling process.",mono-material,enable,recycling
"A group of protesters pelted the police with stones, after the police dispersed them from blocking the road linking Brits and Letlhabile.",pelted,cause,blocking
Heavy police presence was seen in the area due to the protest.,protest,cause,police
"Earlier, Sikhs began gathering at the Takht premises as early as 9 am and heads of various organisations met the Takht jathedars, demanding "" severe action "" against the Dera chief.",gathering,cause,demanding
"September 04, 2014 00:00 IST Officials promise to supply water in tankers Women took to streets carrying pots in protest against erratic supply of drinking water at Kelamagalam in Udhanapalli on Wednesday.",took,cause,protest
Students declare that they cannot continue agitation as they have to concentrate on exams,declare,cause,concentrate
"No business Correspondent from Hubli reports Agriculutre Produce Market Committees ( APMC ) across the districts of Dharwad, Haveri and Gadag didn't do any business on Friday as the merchants and brokers kept their shops closed as part of the APMC bandh.",bandh,cause,do
President Bush's political argument for going to a groundwar has been strengthened by the growing stream of reports ofwanton Iraqi destruction inside Kuwait.,destruction,cause,argument
Ralston said its Eveready battery unit  was hurt by continuing economic problems in South America.,problems,cause,hurt
"PUBLISHED : Friday, 30 June, 2000, 12:00am IN THE RUN-UP TO tomorrow's third anniversary of the return to Chinese sovereignty, sporadic calls for the downfall of Chief Executive Tung Chee-hwa emerged in a rally by flat owners whose properties have become negative assets, following the massive slump in flat prices.",slump,cause,falls
Bush's chief objective in his meeting with Hussein was to pressthe king  to shut down Iraq's food and oil supply route from Aqabaon the Red Sea.,meeting,intend,shut
"The State alleged they hacked Sabata Petros Chale, 39, to death in Marikana West, on December 8, 2016, allegedly over the allocation of low cost ( RDP ) houses at Marikana West Extension 2.",hacked,cause,death
"January 26 : CPI-Maoist cadres shot dead three persons, accusing them of being police spies, at Borlagunda village in Andhra Pradesh's Karimnagar district.",Andhra Pradesh,contains administrative territorial,Karimnagar district
Lee said her hunger strike would continue until the government instituted a stronger official response to Occupy Central and recent “ radical ” protests at Legco.,instituted,cause,strike
"Since hitting a record 5.6 per cent in July last year, Japan's jobless rate has been falling steadily after it launched an emergency programme to create 100,000 jobs in October to ease the worsening social effects of high unemployment.",launched,cause,falling
"2 held over poisoning threat to Tung PUBLISHED : Wednesday, 03 October, 2001, 12:00am Donald Tsang Donald Tsang A couple suspected of sending a letter addressed to Chief Executive Tung Chee-hwa threatening to poison his food and drink and that of his two top officials were arrested in Central yesterday.",sent,intend,threatening
"Tribal Affairs Minister V Kishore Chandra Deo today dubbed anti-Maoist militia Salwa Judum as a "" sinful strategy "", bringing to the fore apparent differences in Congress over the approach to Maoists who last week wiped out party leadership in Chhattisgarh in a deadly attack.",deadly attack,participant,Maoists
"More than 30 DAB and Civil Force members demonstrated for stricter legislation and prosecutions for driving under the influence of drugs, as Chief Secretary Henry Tang Ying-yen took part in a prize-giving at a dragon boat race in Sha Tin.",demonstrated,cause,prize-giving
"While the staff employees sported black badges from May 15 -17, they are now poised to stage a work-to-rule agitation from May 23 and the entire lot will take mass casual leave on May 25 to highlight their demands.",badges,enable,agitation
"KARNATAKA Protest by ABVP July 30, 2008 00:00 IST BANGALORE : The activists of the Bangalore unit of the Akhil Bharatiya Vidyarthi Parishad on Tuesday staged a protest at the Anand Rao Circle here condemning the serial bomb blasts in Bangalore and Gujarat.",KARNATAKA Protest,point in time,"July 30, 2008"
"Another restaurant owner, Clara Li, said owners wanted to take their protest further, but had not yet settled on a plan to do so if their demands were not met after yesterday's protest.",demands,cause,take
12th April 2012 07:01 AM Police removing VSDP workers who tried to disrupt the flag off function of Rajadhani ring road service in the city on Wednesday,Police,prevent,disrupt
The Minister said he had spoken to Chief Minister Oommen Chandy after the murder and demanded that action be taken to end violence in the region.,action,intend,end
"While an official ceremony took place at the Hong Kong Convention and Exhibition Centre to mark the 22nd anniversary of the return of sovereignty from Britain to China, tensions spiked once more in the financial hub after hundreds of mainly young, masked protesters mostly in black wearing hard hats and goggles seized three key thoroughfares, some deploying metal and plastic barriers to block the way.",ceremony,cause,spike
"Apart from students and teachers of Jawaharlal Nehru University, many residents too gathered here after hearing about the protest on news channels.",protest,cause,gathered
"Moreover, the price volatility that is amplified by program trading is undercutting efforts to woo individual investors back to an OTC market that sorely misses them.    ",trading,cause,amplified
"Police were keeping watch on Princess informal settlement in Roodepoort on the West Rand on Monday, following protests there last week.",protests,location,Roodepoort
"Irate cab drivers also damaged three vehicles at Tarnaka, Habsiguda, Chandrayangutta and Shamshabad airport early on Thursday for ferrying passengers.",damaged,cause,ferrying
"Maids protest over suspension of levy PUBLISHED : Monday, 28 July, 2008, 12:00am About 1,000 foreign domestic helpers yesterday protested against the temporary suspension of the employers'levy, saying it had threatened their livelihoods, and called for permanent abolition of the tax.",protested,cause,threatened
"A Bagathkhan, district president of SFI, Theni, who conducted an inquiry into the incident, said the scholarship amount was delayed because the headmistress had not processed the student ’ s application on time.",processed,cause,delayed
"Tokyo claims the islands, which it calls the Northern Territories, and the dispute has prevented the two countries from signing a formal peace treaty since World War II.",dispute,prevent,treaty
"TIRUNELVELI : Relay fast begins in support of Kudankulam protesters June 09, 2012 00:00 IST Expressing solidarity with anti-Kudankulam Nuclear Power Project protestors, now observing a relay fast at Idinthakarai, a section of the residents of neighbouring Kooththenkuzhi commenced a similar agitation on Friday.",Relay fast,cause,Expressing
"While earlier it was the turn of Telangana Rashtra Samithi ( TRS ) to participate in protests in support to farmers, on Monday it was the Telugu Desam.",turn,cause,participate
April 8 : Nine persons were killed and two others injured when CPI-Maoist cadres fired on a vehicle and subsequently set it ablaze at Semra in Gumla district of Jharkhand.,Semra,located in the administrative territorial,Gumla district
"For instance, a few years ago, MNS workers disrupted a railway recruitment examination because some candidates were non-Marathis.",disrupted,cause,because
Courtaulds PLC announced plans to spin off its textiles operations to existing shareholders in a restructuring to boost shareholder value.,plans,intend,restructuring
"As many as 150 members of the U.N. mission in Haiti remained unaccounted for Wednesday afternoon following an earthquake that inflicted massive damage on the Caribbean nation's capital, U.N. officials said Wednesday.",inflicted,cause,remained
"In the past two months the nation's 88 junk funds have lost a total of about $6 billion -- more than 15% of assets -- through sales or transfers of junk-fund shares, Dalbar says. ",transfers,cause,lost
"Jail Superintendent Veerabhadra Swamy told presspersons that the trouble broke out after a few inmates, who were praying outside a place of worship in the jail, took serious exception to the disturbance being caused by some inmates belonging to a different faith.",took,cause,broke
About 100 health workers picketed at Durban's Addington Hospital on Friday about the fact that the hospital's two radio therapy machines were left idle for five months.,Addington Hospital,located in the administrative territorial,Durban
"The IEC in the Eastern Cape has overcome road blocks, intimidation and missing ballot papers for its 4165 voting stations to be running smoothly, it said on Wednesday.",blocks,prevent,voting
"About a hundred Maoists blew up part of a power sub-station in Naxal-dominated Jamui district, affecting power supply in the area.",blew,cause,affecting
"Zikalala said that following stakeholder meetings on Sunday and Monday morning, all parties decided that the police would establish a rapid response team to attend to the attacks.",team,enable,attend
"The Arya Samaj activists placed the body of 40 - year-old Promila on Rohtak-Jhajjar road near Satlok Ashram and refused to disperse till their leaders, arrested in connection with Sunday ’ s clash were released.",placed,cause,disperse
His supporters chanted and waved placards calling for state agencies not to be used in political matters.,chanted,prevent,used
"Max Chung, who helped organise the rally on Saturday, said he believed residents had shown their resolve : “ Hongkongers have stiffened their backs to say no to authoritarianism. ”",stiffened,cause,resolve
"December 01, 2010 00:00 IST A large number of CPI activists took out a procession in protest against the Centre's failure to contain prices of essential commodities and also against the land scams reported in the State.",procession,intend,protest
"As many as 59 recruits who had graduated from different colleges of the State came together for the fourth time to demand answers from HCL Technologies, the company that had recruited them in 2011.",recruited,cause,demand
"Fight against FDI to go on : Oppn - Indian Express Agencies, Agencies : New Delhi, Wed Dec 12 2012, 19:55 hrs Taking its protest against FDI to the streets, opposition parties today said their fight will go on till they ensure that it is scrapped altogether.",fight,cause,protest
The protest continued in the Assembly where the members raised slogans disrupting proceedings for 10 minutes while the party members staged a walk out from the Legislative Council in protest against the government's failure to announce a definite action plan to protect the State's share of river water.,raised,cause,protest
"The Temenos Banking Cloud is powered by an Explainable AI engine with advanced data analytics, so banks can test, report and measure product performance, and gain insight to support business decisions and product design.",data analytics,enable,decisions
"Earthlife activists marched to Anglo's offices in the Johannesburg CBD against the company's planned coal mine and power station in Waterberg, Limpopo.",marched,prevent,company
"However, he called off the fast after getting a call from the Chiranjeevi ’ s camp in East Godavari district.",camp,cause,called
"A section of Jet technicians started a'symbolic'protest by wearing black bands last Friday to protest the "" management's proposed move to freeze wage hike over the next 2 -3 years "", sources among the agitators said here.",wear,intend,protest
"He is facing charges of violating a court order, public violence, assault, theft, and damage to property during the 2016 protest against `` colonised '' tertiary education.",charges,enable,violence
Andhra Bifurcation : Mixed Response for Seemandhra Bandh 07th December 2013 03:28 PM The two-day bandh call given by the pro-United Andhra Pradesh groups against the Cabinet's nod for draft bill for bifurcation of the state has evoked a mixed response in the coastal Andhra and Rayalaseema regions on the second day today.,Andhra Bifurcation,instance of,bandh
"Irked over this move, Venkat Prasad launched a hunger strike along with the other aspirants.",launched,cause,move
"General Motors, Ford's main competitor in the US market, pledged in January to stop making diesel- or gasoline-powered cars.",pledged,prevent,making
"Dissatisfied with the package, workers staged an all-nigh sit-in.",all-nigh,cause,sit-in
"The sale, at a higher price than some analysts had expected, helps the food and tobacco giant raise funds to pay debt and boosts Nestle's 7% share of the U.S. candy market to about 12%.    ",price,cause,boosts
"Though Mr. Packer has since sold his stake, Courtaulds is moving to keep its institutional shareholders happy. ",sold,cause,happy
The arrest of Mr. Chandrashekhar follows violent incidents in the district last month set off by the torching of Dalit homes by upper caste Thakurs and the death of a member of the Thakur community during clashes on May 5 in Shabbirpur village.,clashes,cause,torching
"As hundreds of employees from the city went to Vizianagaram to take part in the last rites of N. Venkatesh, 28, an assistant in the administration department of the corporation, who committed suicide on railway tracks to protest against the Centre ’ s decision on strategic stake sale of DCI, an all-union meeting convened by the CITU resolved to organise demonstrations in front of all industrial establishments located in the city on Wednesday.",meeting,intend,protest
Since last week students have been protesting against a proposed increase in tuition fees and the merger of higher education institutions.,protesting,prevent,increase
"THRISSUR : Hike in toll rate withdrawn October 03, 2013 00:00 IST A hike in toll on the Mannuthy-Edappally stretch, effected from Tuesday, was withdrawn on Wednesday following protests.",protests,cause,hike
"A spokesman said herbicide use in some areas of the U.S. was delayed earlier in the year by heavy rains, thus increasing sales in the third quarter.    ",rains,cause,delayed
NATIONAL Up in arms Longstanding demandPeople from Darjeeling hills staging a protest against the West Bengal government at Jantar Mantar in New Delhi on Sunday demanding a separate Gorkhaland State.,staging,intend,demanding
TN : 2 questioned over Ramajayam murder 02nd April 2012 02:29 AM TIRUNELVELI : Police on Sunday picked up two persons from the Tirunelveli district in connection with the murder of K N Ramajayam and regarding the life threat issued to his brother and former DMK minister K N Nehru on Sunday.,picked,cause,questioned
"﻿In recent years, for instance, many retired military veterans have gathered together across the country in protests against the stingy benefits and pensions they receive from the state.",gathered,cause,protests
"DPC, an investor group led by New York-based Crescott Investment Associates, had itself filed a suit in state court in Los Angeles seeking to nullify the agreement. ",filed,intend,nullify
He was addressing a dharna organised by the Joint Action Committee ( JAC ) of various Telangana outfits demanding scrapping of cases against the students.,addressing,intend,demanding
"Those attending the rally on Saturday said they were not there to make political demands, but to speak out against violence.",demands,intend,speak
"As part of the year-long partnership, Oral-B and Scientific American Custom Media are releasing a series of content, including educational resources from leading medical and dental researchers that will help readers better understand the connections between oral health and whole body health.",content,enable,understand
"PSU Insurance employees protest privatisation 23rd November 2011 01:27 AM HYDERABAD : Employees working in the government-owned Life Insurance Corporation of India and the four general insurance companies held lunch-hour protest demonstrations at their offices on Tuesday, opposing moves to liberalise the insurance sector.",protests,prevent,liberalise
"Meanwhile, thousands of members of the local weavers'community stormed the Dharmavaram town police station for parading some of their members half-naked and insulting them.",stormed,cause,parading
"If you really believe a business issue is interesting, writing a letter to an editor of a newspaper and getting it published is a way of raising your profile.",published,cause,raising
The mortal remains of the brave soldier will be taken by air to Jind tomorrow as the road traffic is disrupted due to violent protests by Jats who are demanding quota in OBC category.,protests,cause,taken
"Mandya : Farmers protest as outflow from KRS is increased September 25, 2015 00:00 IST Even as the water-level in Krishnaraja Sagar, near Srirangapatna, is plummeting steeply, the rate of outflow was increased on Thursday evening.",plummeting,cause,increased
The brief trip of 62 - year-old Ashraf to the 13th century shrine hit a sour note following a boycott by the Dargahs spiritual head in protest against the recent brutal killing and beheading of Indian soldiers by the Pakistani Army.,boycott,cause,hit
"Aftershocks from the Mount Nyiragongo volcano in eastern DR Congo rattled the nearby city of Goma on Wednesday, four days after its eruption, badly damaging several buildings and prompting hundreds of residents  who are unable to flee.",Aftershocks,cause,residents
"NAMAKKAL : Power loom workers ’ strike continues May 03, 2015 00:00 IST With the third round of talks over wage hike failed to yield any results, power loom workers in Pallipalayam continued their indefinite strike for the sixth consecutive day here.",strike,prevent,wage hike
""" Based on specific inputs, security forces cordoned off a house and that resulted in an encounter with the militant first opening fire on the security team, "" Kokrajhar police chief P.K. Dutta said.",cordoned,cause,opening
Other explosions cut railway lines between the sprawling township and Johannesburg.,cut,cause,Johannesburg
"Mullanchira Mathai was beaten to death on January 16, 1983, but lack of witnesses led to the acquittal of 11 CPI(M) activists arraigned in the case.",Mullanchira Mathai,date of death,"January 16, 1983"
"Following the incident, the labourers went on a dharna and stopped work.",incident,cause,stopped
"Used as they were to travelling in air-conditioned vehicles with pick-ups and drops at their doorsteps, they were forced to look for alternative transport due to the cab operators ’ strike from Wednesday midnight.",used,cause,forced
"If the police drive continues, we will have to go on a strike on Monday, "" Kshirsagar said.",drive,cause,strike
"PUBLISHED : Thursday, 08 May, 2014, 5:36pm Robust June 4 turnout spurs organisers to call for more at 30th anniversary",turnout,cause,call
"The hike in toll on the Mannuthy-Edappally stretch was withdrawn following protests by the Youth Congress, the BJP and the DYFI.",protests,cause,withdrawn
"But this list was accompanied by new demands which France's fisheries ministry has said were not arranged or discussed with Paris, effectively creating new zoning rules for the waters near Jersey.",demands,enable,rules
"” Meanwhile, more than 5,000 oil tanker lorries plying inside Chennai city have planned to support the strike and will stay off the roads from Thursday.",strike,cause,stay
"The EMA is continuing to evaluate the safety of all four vaccines it has approved for use in the EU, which also includes the ones from BioNTech/Pfizer and Moderna.",safety,enable,use
The university had sought an injunction blocking Connaught's board from recommending or supporting an offer for the company by Merieux.,sought,prevent,recommending
"Truckers put govt on notice 08th January 2009 03:57 AM CHENNAI : With the national-level truckers ’ strike called by the All-India Motor Transport Congress ( AIMTC ) demanding immediate reduction of diesel prices entering the third day on Wednesday, representatives of the striking truckers have issued an ultimatum to the government to act before Thursday midnight to resolve the issue or face severe consequences.",strike,enable,demand
Stiff Protest Against Ulfa for Targeting Hindi-speakers,Protest,intend,Targeting
"Earlier, in a letter to the HRD ministry through NIT administration, the students had demanded hoisting of national flag, action against staff involved in anti-national activities and replacing Jammu and Kashmir Police by CRPF for security of the NIT campus, which has been gripped by tension following clashes in the wake of India's loss to West Indies in the World T 20 Cup.",clashes,cause,hoisting
All the 417 guards in the suburban section refused to work extra hours in protest.,refused,cause,protest
"Denied Aid, Dalit Boy tries to End Life",Denied,intend,End
"Other mass incidents, such as the widespread demonstrations by truck drivers in June, have been sparked by the fierce economic competition that now characterises life in China.",competition,cause,incidents
"A sudden deviation from it carries ominous implications, not least because the scale of the outbreak in the UP village was not large enough to warrant such a departure from the norm.",deviation,cause,ominous
Most of the men were said to be on the run following a crackdown by the police after the violence of October 14.,crackdown,cause,on
"Public officials, including Chris Patten, Hong Kong ’ s last governor when it was under British rule, rebuked the government for bringing charges so long after the event.",Public,applies to jurisdiction,British rule
City Stinks as Sanitation Staff Strike Continues,Sanitation,0,Stinks
China ’ s leaders declared a “ people ’ s war on terror ” in 2014 after a series of attacks that took place or were linked to Xinjiang.,declared,point in time,2014
